numVotes,vote,stillExists
4.0,2.5,True
72.0,2.25,True
14.0,3.142857142857143,False
22.0,3.4545454545454546,True
195.0,3.8564102564102565,True
29.0,2.793103448275862,True
15.0,2.8,False
42.0,3.0238095238095237,True
16.0,3.375,True
63.0,3.380952380952381,True
56.0,3.0714285714285716,True
9.0,3.2222222222222223,False
53.0,3.660377358490566,True
29.0,3.586206896551724,True
22.0,3.6363636363636362,True
3.0,4.0,True
56.0,3.482142857142857,True
11.0,3.4545454545454546,True
18.0,2.7222222222222223,True
69.0,3.36231884057971,True
76.0,2.5921052631578947,True
90.0,3.411111111111111,True
6.0,3.5,True
27.0,4.0,True
170.0,2.9058823529411764,True
100.0,2.68,True
19.0,3.5789473684210527,True
74.0,3.418918918918919,True
191.0,2.549738219895288,True
67.0,2.5074626865671643,False
56.0,3.25,True
404.0,3.5445544554455446,True
100.0,2.4,True
262.0,2.3702290076335877,True
14.0,4.0,True
124.0,3.967741935483871,True
3.0,4.0,True
137.0,3.613138686131387,True
45.0,3.4444444444444446,True
43.0,2.7209302325581395,False
53.0,4.0,True
182.0,3.8241758241758244,True
253.0,3.9960474308300395,True
369.0,2.2872628726287263,True
212.0,3.452830188679245,True
64.0,2.703125,True
2.0,2.0,True
11.0,2.1818181818181817,True
46.0,3.891304347826087,True
1.0,4.0,True
20.0,3.75,True
16.0,3.4375,True
79.0,3.151898734177215,True
142.0,3.507042253521127,True
7.0,3.142857142857143,True
13.0,2.5384615384615383,True
150.0,3.02,True
151.0,3.9602649006622515,True
33.0,3.121212121212121,True
93.0,3.043010752688172,True
20.0,2.75,True
36.0,3.2777777777777777,True
107.0,3.0841121495327104,True
93.0,3.021505376344086,True
233.0,3.6566523605150216,True
80.0,3.1125,True
1.0,3.0,True
139.0,3.8129496402877696,True
258.0,3.9224806201550386,True
70.0,3.557142857142857,True
75.0,3.44,True
14.0,3.2857142857142856,True
194.0,4.0,True
4.0,3.5,True
23.0,2.9565217391304346,True
5.0,3.0,True
20.0,3.6,True
55.0,3.036363636363636,True
12.0,2.9166666666666665,True
9.0,2.5555555555555554,True
85.0,3.9647058823529413,True
155.0,3.0,True
120.0,3.158333333333333,False
54.0,3.2962962962962963,True
74.0,2.6621621621621623,True
321.0,3.190031152647975,True
100.0,2.61,True
95.0,3.3684210526315788,True
85.0,2.2823529411764705,True
17.0,2.176470588235294,True
20.0,3.5,True
37.0,3.135135135135135,True
187.0,4.0,True
312.0,2.6634615384615383,True
245.0,3.7551020408163267,True
201.0,3.945273631840796,True
35.0,3.5714285714285716,True
77.0,2.987012987012987,True
1.0,3.0,False
205.0,2.824390243902439,True
82.0,3.2804878048780486,True
1.0,4.0,True
34.0,3.264705882352941,True
1.0,3.0,False
180.0,1.4833333333333334,True
2.0,2.5,True
118.0,3.889830508474576,True
87.0,3.0689655172413794,True
64.0,4.0,True
1.0,3.0,True
57.0,2.1052631578947367,True
11.0,3.1818181818181817,True
235.0,2.348936170212766,True
28.0,3.7857142857142856,True
265.0,3.0150943396226415,True
46.0,2.0869565217391304,True
27.0,2.962962962962963,False
1.0,4.0,False
103.0,1.6796116504854368,True
2.0,3.0,True
146.0,2.2739726027397262,True
50.0,3.12,True
103.0,1.5242718446601942,False
18.0,3.0,True
216.0,3.75,True
150.0,2.993333333333333,True
63.0,3.4761904761904763,True
41.0,3.8292682926829267,True
2.0,4.0,True
77.0,1.6883116883116882,True
29.0,3.0344827586206895,True
87.0,2.8275862068965516,False
17.0,3.411764705882353,True
52.0,3.7115384615384617,True
371.0,3.98921832884097,True
4.0,2.0,True
124.0,2.6048387096774195,False
14.0,3.2857142857142856,True
103.0,3.058252427184466,False
2.0,3.5,False
285.0,3.9192982456140353,True
188.0,3.904255319148936,True
21.0,2.9523809523809526,True
364.0,1.1236263736263736,True
236.0,3.0508474576271185,True
8.0,3.625,True
77.0,3.883116883116883,True
28.0,3.2142857142857144,True
56.0,2.5357142857142856,True
18.0,2.8333333333333335,True
24.0,2.7916666666666665,True
19.0,3.789473684210526,True
1.0,3.0,True
7.0,3.0,True
126.0,3.238095238095238,True
133.0,2.3233082706766917,True
3.0,3.0,True
120.0,3.175,True
18.0,2.4444444444444446,True
44.0,2.8181818181818183,True
36.0,3.0833333333333335,True
160.0,3.05625,True
2.0,3.5,True
317.0,2.9022082018927446,True
1.0,3.0,True
21.0,3.6666666666666665,True
20.0,3.6,True
2.0,2.5,True
98.0,3.5,True
45.0,3.933333333333333,True
69.0,2.9855072463768115,True
124.0,3.0161290322580645,True
26.0,3.3461538461538463,True
314.0,3.5636942675159236,True
1.0,3.0,True
9.0,3.2222222222222223,True
70.0,3.7857142857142856,True
287.0,3.4982578397212545,True
281.0,3.715302491103203,True
20.0,2.95,True
240.0,3.4125,True
256.0,2.5703125,True
249.0,3.9437751004016066,True
1.0,3.0,True
5.0,3.2,True
99.0,3.1818181818181817,True
13.0,3.6153846153846154,True
194.0,2.5257731958762886,True
90.0,3.6666666666666665,True
24.0,2.9583333333333335,True
2.0,3.0,True
21.0,3.142857142857143,True
3.0,4.0,True
89.0,2.662921348314607,False
1.0,4.0,True
94.0,3.872340425531915,True
92.0,3.760869565217391,True
17.0,3.2941176470588234,True
6.0,4.0,True
34.0,3.088235294117647,True
159.0,3.9874213836477987,True
9.0,4.0,True
44.0,3.2045454545454546,True
235.0,4.0,True
121.0,3.7851239669421486,True
14.0,3.5714285714285716,True
30.0,3.8333333333333335,True
43.0,3.6511627906976742,True
1.0,3.0,True
54.0,3.5925925925925926,True
57.0,3.1578947368421053,True
98.0,3.989795918367347,True
57.0,2.982456140350877,True
127.0,4.0,True
9.0,3.2222222222222223,True
71.0,3.816901408450704,True
15.0,3.533333333333333,False
56.0,3.0892857142857144,True
64.0,2.8125,True
21.0,4.0,True
124.0,2.75,True
76.0,3.1315789473684212,True
95.0,3.9789473684210526,True
142.0,3.8732394366197185,True
58.0,3.5517241379310347,True
135.0,3.4074074074074074,True
168.0,3.625,True
147.0,3.8843537414965987,True
212.0,3.9952830188679247,True
26.0,3.8461538461538463,True
217.0,4.0,True
2.0,3.5,True
146.0,3.993150684931507,True
143.0,3.5664335664335662,True
16.0,3.8125,True
85.0,3.023529411764706,False
163.0,1.9202453987730062,True
257.0,2.8715953307392996,True
45.0,3.511111111111111,True
70.0,3.7857142857142856,True
70.0,3.4,True
41.0,3.097560975609756,True
126.0,3.634920634920635,True
93.0,3.053763440860215,True
136.0,3.0073529411764706,True
1.0,4.0,True
136.0,2.389705882352941,True
54.0,2.9444444444444446,True
242.0,2.0785123966942147,True
78.0,3.4871794871794872,True
205.0,2.707317073170732,True
80.0,3.525,True
189.0,2.0105820105820107,True
12.0,2.5,True
154.0,3.175324675324675,True
1.0,4.0,True
5.0,2.2,False
5.0,3.8,True
7.0,3.4285714285714284,True
6.0,3.3333333333333335,True
70.0,3.157142857142857,True
106.0,4.0,True
184.0,3.2934782608695654,True
50.0,3.64,True
43.0,2.813953488372093,True
33.0,3.3333333333333335,True
65.0,3.2615384615384615,True
65.0,2.8,True
2.0,3.5,True
16.0,2.8125,True
245.0,3.9673469387755103,True
1.0,1.0,True
12.0,3.3333333333333335,True
2.0,3.0,True
82.0,3.024390243902439,True
19.0,2.3157894736842106,True
54.0,3.537037037037037,True
106.0,3.990566037735849,True
136.0,3.985294117647059,True
53.0,1.7735849056603774,True
38.0,3.973684210526316,True
68.0,3.6911764705882355,True
2.0,2.0,True
113.0,3.982300884955752,True
2.0,3.5,True
10.0,3.4,True
10.0,4.0,True
1.0,3.0,True
9.0,3.5555555555555554,True
31.0,1.4193548387096775,True
3.0,2.6666666666666665,True
205.0,3.8341463414634145,True
83.0,2.891566265060241,True
148.0,1.722972972972973,True
1.0,3.0,True
236.0,3.885593220338983,True
48.0,3.9166666666666665,False
11.0,3.1818181818181817,True
8.0,3.875,True
129.0,2.7674418604651163,True
4.0,3.0,True
52.0,3.1346153846153846,True
69.0,4.0,True
100.0,3.51,True
5.0,3.0,True
1.0,2.0,True
76.0,2.5657894736842106,True
44.0,2.8636363636363638,True
5.0,3.0,True
64.0,3.5625,False
164.0,1.4939024390243902,True
74.0,3.2567567567567566,True
26.0,2.3846153846153846,True
110.0,3.9454545454545453,True
82.0,2.951219512195122,True
2.0,4.0,False
204.0,3.784313725490196,True
1.0,3.0,True
9.0,3.4444444444444446,True
103.0,3.8349514563106797,True
57.0,3.912280701754386,True
19.0,4.0,True
79.0,3.8354430379746836,True
46.0,3.8260869565217392,True
50.0,2.98,True
45.0,3.8,True
33.0,2.606060606060606,False
2.0,3.5,True
10.0,3.4,True
100.0,3.05,True
69.0,3.130434782608696,True
1.0,4.0,True
48.0,2.9583333333333335,True
7.0,3.2857142857142856,True
3.0,3.0,True
9.0,3.0,True
3.0,3.6666666666666665,True
39.0,3.1538461538461537,True
1.0,3.0,True
1.0,4.0,True
11.0,3.8181818181818183,False
74.0,4.0,True
1.0,4.0,True
51.0,3.0392156862745097,False
81.0,3.6419753086419755,True
95.0,3.8526315789473684,True
4.0,3.0,True
43.0,4.0,True
6.0,2.6666666666666665,True
20.0,3.4,True
16.0,3.125,False
3.0,3.0,False
61.0,3.3442622950819674,True
1.0,4.0,True
4.5,3.2222222222222223,False
48.0,1.8333333333333333,True
116.0,2.853448275862069,True
7.0,2.0,True
5.0,2.6,True
1.0,3.0,True
22.0,3.4545454545454546,False
49.0,3.020408163265306,True
21.0,3.1904761904761907,True
10.0,2.1,False
22.0,3.0,True
29.0,3.310344827586207,True
10.0,3.3,True
11.0,3.090909090909091,True
1.0,4.0,True
5.5,3.6363636363636362,False
1.0,3.0,False
1.0,1.0,False
1.0,2.0,False
1.0,4.0,False
1.0,1.0,False
1.0,2.0,False
1.0,4.0,False
203.0,3.1921182266009853,True
51.0,3.6666666666666665,True
72.0,3.6805555555555554,True
20.0,3.25,False
38.0,2.473684210526316,False
34.0,3.1176470588235294,True
66.0,2.4393939393939394,False
145.0,3.2344827586206897,True
11.0,3.090909090909091,True
70.0,2.8142857142857145,True
15.0,3.0,True
24.0,3.7916666666666665,True
5.0,3.8,True
244.0,3.4098360655737703,True
40.0,3.125,True
77.0,3.9740259740259742,False
42.0,3.2142857142857144,False
2.0,3.0,False
1.0,4.0,True
12.0,3.4166666666666665,False
62.0,3.774193548387097,False
377.0,2.1777188328912467,True
96.0,2.96875,True
17.0,2.4705882352941178,True
105.0,3.5047619047619047,False
21.0,2.380952380952381,True
21.0,3.1904761904761907,True
64.0,1.765625,False
11.0,3.1818181818181817,True
51.0,2.0784313725490198,False
43.0,3.2790697674418605,True
202.0,3.118811881188119,True
73.0,3.958904109589041,True
73.0,3.4383561643835616,True
17.0,3.2941176470588234,False
257.0,1.9416342412451362,False
47.0,3.7872340425531914,True
86.0,3.046511627906977,True
28.0,2.5714285714285716,False
3.0,3.0,True
29.0,3.0689655172413794,True
175.0,3.0228571428571427,True
52.0,3.076923076923077,False
53.0,3.6226415094339623,False
2.0,3.0,False
40.0,3.125,False
8.0,3.125,False
43.0,3.6511627906976742,False
12.0,2.75,False
13.0,3.3846153846153846,False
34.0,3.0294117647058822,False
57.0,3.8947368421052633,False
7.0,3.142857142857143,False
15.0,2.7333333333333334,False
107.0,3.663551401869159,False
64.0,3.953125,False
6.0,3.1666666666666665,False
29.0,3.206896551724138,False
7.0,2.7142857142857144,False
39.0,3.5128205128205128,False
27.0,3.1481481481481484,False
2.0,3.0,False
39.0,2.58974358974359,False
21.0,3.857142857142857,False
74.0,3.027027027027027,False
77.0,3.0779220779220777,False
11.0,3.0,False
25.0,2.72,False
62.0,2.9838709677419355,False
7.0,3.4285714285714284,False
36.0,3.2777777777777777,False
29.0,2.5517241379310347,False
40.0,2.675,False
3.0,2.6666666666666665,False
8.0,2.625,False
13.0,2.1538461538461537,False
27.0,2.962962962962963,False
8.0,2.75,False
2.0,1.5,False
61.0,2.5737704918032787,False
9.0,3.0,False
1.0,3.0,False
2.0,3.0,False
29.0,1.2758620689655173,False
10.0,2.5,False
1.0,3.0,False
6.0,2.0,False
30.0,3.1333333333333333,False
7.0,3.0,False
6.0,2.1666666666666665,False
1.0,3.0,False
9.0,3.4444444444444446,False
9.0,3.2222222222222223,False
22.0,2.090909090909091,False
30.0,1.5,False
1.0,3.0,False
10.0,2.5,False
3.0,2.6666666666666665,False
38.0,3.0526315789473686,False
9.0,2.888888888888889,False
14.0,4.0,False
7.0,3.142857142857143,False
15.0,2.7333333333333334,False
18.0,3.7222222222222223,False
2.0,3.0,False
11.0,2.6363636363636362,False
26.0,2.9615384615384617,False
1.0,2.0,False
2.0,2.5,False
11.0,3.3636363636363638,False
4.0,1.75,False
19.0,3.0,False
2.0,1.5,False
5.0,3.0,False
1.0,3.0,False
75.0,2.9466666666666668,False
3.0,3.0,False
38.0,2.9473684210526314,False
27.0,3.111111111111111,False
21.0,3.238095238095238,False
55.0,4.0,False
71.0,3.8309859154929575,False
5.0,3.2,False
4.0,4.0,False
100.0,4.0,False
13.0,2.6923076923076925,False
6.0,3.1666666666666665,False
32.0,3.34375,False
18.0,3.5555555555555554,False
9.0,3.4444444444444446,False
9.0,3.0,False
2.0,3.5,False
52.0,2.9615384615384617,False
27.0,3.074074074074074,False
12.0,3.4166666666666665,False
3.0,3.3333333333333335,False
6.0,2.6666666666666665,False
3.0,3.0,False
22.0,3.227272727272727,False
62.0,3.032258064516129,False
1.0,4.0,False
11.0,3.0,False
36.0,2.8055555555555554,False
10.0,3.2,False
5.0,2.0,False
20.0,2.85,False
1.0,4.0,False
5.0,2.4,False
12.0,3.0,False
7.0,2.5714285714285716,False
5.0,3.2,False
8.0,2.5,False
4.0,3.5,False
17.0,2.9411764705882355,False
10.0,3.1,False
25.0,3.08,False
6.0,2.5,False
6.0,2.5,False
24.0,2.8333333333333335,False
7.0,2.7142857142857144,False
6.0,2.0,False
3.0,3.3333333333333335,False
55.0,3.1818181818181817,False
7.0,3.4285714285714284,False
2.0,3.0,False
2.0,3.0,False
2.0,4.0,False
40.0,2.875,False
6.0,3.0,False
32.0,2.375,False
44.0,1.1363636363636365,False
45.0,2.422222222222222,False
1.0,3.0,False
2.0,3.5,False
16.0,3.25,False
60.0,3.45,False
41.0,2.682926829268293,False
13.0,3.076923076923077,False
4.0,4.0,False
3.0,3.3333333333333335,False
12.0,3.3333333333333335,False
21.0,3.9047619047619047,False
1.0,3.0,True
3.0,3.3333333333333335,True
78.0,2.8076923076923075,True
15.0,2.933333333333333,True
17.0,2.764705882352941,False
4.0,3.25,False
1.0,3.0,False
5.0,3.6,True
37.0,3.5405405405405403,True
17.0,3.7058823529411766,True
4.0,3.75,True
26.0,3.4615384615384617,True
2.0,4.0,True
7.0,3.4285714285714284,True
3.0,4.0,True
38.0,3.973684210526316,True
45.0,2.8666666666666667,True
8.0,3.375,False
20.0,3.5,True
2.0,3.5,True
25.0,3.08,True
6.0,3.6666666666666665,True
2.0,3.0,False
3.0,2.6666666666666665,False
3.0,3.3333333333333335,False
3.0,4.0,True
6.0,3.3333333333333335,True
8.0,3.625,True
3.0,3.6666666666666665,True
1.0,4.0,True
94.0,3.351063829787234,True
107.0,3.2242990654205608,True
24.0,3.25,True
88.0,3.1931818181818183,True
88.0,2.6818181818181817,True
117.0,1.9743589743589745,True
31.0,3.7096774193548385,True
14.0,2.7142857142857144,True
159.0,1.0251572327044025,True
3.0,3.3333333333333335,True
57.0,3.0526315789473686,True
19.0,2.8421052631578947,True
6.0,3.6666666666666665,True
18.0,3.0555555555555554,True
42.0,3.0238095238095237,True
69.0,2.130434782608696,True
86.0,3.116279069767442,True
14.0,3.0714285714285716,False
28.0,2.9285714285714284,True
155.0,2.574193548387097,True
11.0,2.909090909090909,True
151.0,3.834437086092715,True
64.0,3.046875,True
15.0,2.933333333333333,True
158.0,1.0506329113924051,True
146.0,3.26027397260274,True
67.0,2.91044776119403,True
28.0,3.392857142857143,True
16.0,3.1875,True
153.0,2.980392156862745,True
3.0,2.6666666666666665,True
106.0,4.0,True
143.0,2.265734265734266,True
37.0,2.5135135135135136,True
97.0,1.1546391752577319,True
27.0,2.3333333333333335,True
145.0,1.6275862068965516,True
1.0,3.0,True
26.0,2.8846153846153846,True
87.0,3.057471264367816,True
113.0,3.8672566371681416,True
1.0,4.0,True
1.0,3.0,True
6.0,2.8333333333333335,True
23.0,3.4347826086956523,True
44.0,2.227272727272727,True
64.0,3.109375,True
6.0,3.0,True
9.0,3.111111111111111,True
60.0,2.95,True
27.0,3.111111111111111,True
35.0,3.257142857142857,True
78.0,1.5128205128205128,True
8.0,3.0,False
8.0,3.125,True
4.0,3.5,True
1.0,4.0,True
30.0,2.8333333333333335,True
8.0,2.5,True
25.0,3.08,True
30.0,3.2,True
73.0,2.8493150684931505,True
75.0,3.1733333333333333,True
131.0,2.885496183206107,True
23.0,2.652173913043478,True
11.0,1.8181818181818181,True
71.0,2.9014084507042255,True
23.0,2.9565217391304346,True
1.0,4.0,True
43.0,2.7906976744186047,True
7.0,2.857142857142857,True
43.0,2.441860465116279,True
8.0,3.0,True
66.0,3.015151515151515,True
6.0,2.5,False
123.0,2.317073170731707,True
20.0,2.65,True
12.0,3.4166666666666665,True
5.0,3.0,True
94.0,3.9680851063829787,True
51.0,3.0,True
96.0,2.6666666666666665,True
143.0,3.832167832167832,True
30.0,2.566666666666667,True
2.0,3.0,True
56.0,3.2142857142857144,True
24.0,2.8333333333333335,True
31.0,3.193548387096774,True
39.0,2.8974358974358974,True
68.0,3.0,True
116.0,3.9310344827586206,True
38.0,3.263157894736842,True
8.0,2.5,True
59.0,3.6779661016949152,True
65.0,2.476923076923077,True
39.0,2.9743589743589745,True
17.0,3.0588235294117645,True
24.0,2.5416666666666665,True
41.0,3.7560975609756095,True
8.0,3.125,True
13.0,3.0,True
18.0,3.2777777777777777,True
72.0,2.7916666666666665,True
12.0,3.1666666666666665,True
104.0,2.855769230769231,True
4.0,2.5,True
7.0,2.857142857142857,True
7.0,3.0,True
125.0,3.032,True
126.0,3.0555555555555554,True
6.0,3.3333333333333335,True
45.0,3.6,True
40.0,3.05,True
168.0,3.8988095238095237,True
1.0,3.0,True
40.0,3.025,True
21.0,2.9523809523809526,True
9.0,3.888888888888889,True
24.0,3.5416666666666665,True
17.0,3.0,True
65.0,3.6615384615384614,True
47.0,3.893617021276596,True
150.0,1.0,True
65.0,3.0,True
10.0,2.5,True
12.0,3.1666666666666665,True
41.0,2.8536585365853657,True
1.0,4.0,False
26.0,2.923076923076923,True
7.0,3.4285714285714284,True
15.0,3.066666666666667,True
10.0,2.9,True
29.0,2.586206896551724,True
32.0,2.96875,True
10.0,4.0,True
1.0,3.0,True
36.0,3.4166666666666665,True
1.0,2.0,False
2.0,3.0,True
4.5,2.888888888888889,False
21.0,3.619047619047619,True
67.0,1.3880597014925373,True
3.0,2.6666666666666665,True
28.0,2.857142857142857,True
2.0,3.0,True
4.0,3.5,True
15.0,2.533333333333333,True
80.0,2.6875,True
3.0,4.0,True
1.0,3.0,True
2.0,3.0,True
18.0,1.4444444444444444,True
21.0,2.9047619047619047,True
66.0,2.909090909090909,True
10.0,2.5,True
23.0,3.260869565217391,True
14.0,3.0714285714285716,True
7.0,2.2857142857142856,True
5.0,2.6,True
4.0,3.25,True
1.0,4.0,True
28.0,1.8928571428571428,True
22.0,2.3181818181818183,False
93.0,3.150537634408602,True
5.0,3.0,True
1.0,3.0,True
63.0,2.8253968253968256,True
7.0,3.142857142857143,True
7.0,3.0,True
5.0,2.0,True
1.0,3.0,True
7.0,2.0,True
42.0,3.4285714285714284,True
1.0,3.0,True
1.0,3.0,True
41.0,2.707317073170732,True
71.0,2.3661971830985915,True
1.0,3.0,True
7.0,1.7142857142857142,True
1.0,3.0,True
11.0,2.8181818181818183,True
82.0,3.0,True
6.0,3.1666666666666665,True
1.0,3.0,True
1.0,1.0,True
26.0,3.1153846153846154,True
141.0,2.7092198581560285,True
8.0,3.5,True
1.0,3.0,True
1.0,3.0,True
11.0,2.090909090909091,True
4.0,3.5,True
9.0,2.4444444444444446,True
95.0,2.8842105263157896,True
2.0,3.0,True
5.0,2.6,True
17.0,3.0,True
125.0,3.576,True
7.0,2.857142857142857,True
6.0,3.5,True
57.0,2.5964912280701755,True
1.0,2.0,False
11.0,2.727272727272727,True
8.0,3.0,True
157.0,2.286624203821656,True
27.0,1.8888888888888888,True
2.0,3.0,True
20.0,2.7,True
22.0,2.4545454545454546,True
1.0,2.0,True
18.0,3.1666666666666665,True
56.0,2.232142857142857,True
55.0,2.6363636363636362,True
1.0,2.0,True
3.0,3.3333333333333335,False
1.0,3.0,True
1.0,4.0,True
2.0,3.0,True
25.0,2.56,True
12.0,2.3333333333333335,True
5.0,2.8,True
169.0,2.1775147928994083,True
12.0,2.6666666666666665,True
69.0,3.5942028985507246,True
26.0,2.923076923076923,True
1.0,3.0,True
14.0,2.4285714285714284,True
5.0,3.0,True
1.0,3.0,True
4.0,3.75,True
96.0,2.8541666666666665,True
87.0,2.1839080459770117,True
2.0,2.5,True
5.0,2.8,False
2.0,3.5,True
35.0,2.5714285714285716,True
6.0,2.8333333333333335,True
3.0,2.3333333333333335,True
8.0,3.0,True
68.0,1.5,True
57.0,2.0,True
8.0,1.75,True
19.0,2.736842105263158,True
122.0,1.8114754098360655,True
33.0,2.9393939393939394,True
76.0,2.9342105263157894,True
1.0,4.0,False
2.0,2.0,True
1.0,3.0,True
21.0,2.380952380952381,True
15.0,2.933333333333333,True
1.0,1.0,True
1.0,3.0,True
4.0,2.25,True
9.0,2.2222222222222223,True
1.0,3.0,True
47.0,2.4893617021276597,True
1.0,3.0,True
6.0,3.0,True
7.0,2.857142857142857,True
8.0,2.5,True
30.0,2.966666666666667,True
3.0,3.0,True
1.0,3.0,True
1.0,3.0,True
1.0,3.0,True
4.0,2.75,True
1.0,3.0,True
21.0,2.0,True
2.0,3.0,True
19.0,2.526315789473684,True
77.0,1.3116883116883118,True
62.0,2.7580645161290325,True
64.0,3.0625,True
81.0,2.8395061728395063,True
1.0,4.0,True
17.0,3.3529411764705883,True
43.0,2.697674418604651,True
3.0,3.3333333333333335,True
7.0,2.857142857142857,True
5.0,3.0,True
8.0,3.125,True
21.0,3.0952380952380953,True
2.0,3.0,True
3.0,3.0,True
39.0,3.5384615384615383,False
1.0,4.0,True
7.0,2.4285714285714284,True
25.0,2.84,True
13.0,2.6923076923076925,True
19.0,3.0,True
13.0,3.3846153846153846,False
10.0,3.4,True
9.0,1.8888888888888888,True
8.0,3.125,True
10.0,3.3,True
17.0,3.0588235294117645,True
8.0,2.75,True
8.0,1.75,True
41.0,1.9024390243902438,True
11.0,3.0,True
7.0,3.0,True
7.0,2.857142857142857,True
1.0,2.0,True
49.0,1.9591836734693877,True
4.0,3.25,True
9.0,2.3333333333333335,True
23.0,3.130434782608696,True
8.0,2.625,True
50.0,1.54,True
28.0,2.9642857142857144,True
56.0,1.4107142857142858,True
24.0,3.3333333333333335,True
1.0,3.0,True
25.0,3.2,True
1.0,1.0,True
30.0,1.9,True
2.0,2.5,True
34.0,3.6470588235294117,True
2.0,2.5,True
1.0,4.0,True
4.0,3.0,True
1.0,3.0,True
23.0,3.0434782608695654,True
4.0,2.5,True
53.0,3.452830188679245,True
54.0,2.7962962962962963,True
10.0,1.9,True
12.0,2.6666666666666665,True
8.0,2.5,True
71.0,1.8732394366197183,True
23.0,2.9130434782608696,True
11.0,2.6363636363636362,True
33.0,1.7575757575757576,True
13.0,3.3076923076923075,True
80.0,3.6375,True
13.0,3.5384615384615383,True
51.0,2.3333333333333335,True
53.0,3.0,True
1.0,2.0,True
2.0,3.0,True
2.0,3.5,True
25.0,2.56,True
31.0,2.935483870967742,True
4.0,2.25,True
7.0,3.0,True
13.0,2.6153846153846154,True
8.0,4.0,True
4.0,2.0,True
15.0,3.8,True
49.0,2.5714285714285716,True
72.0,2.25,True
1.0,3.0,True
13.0,2.8461538461538463,True
7.0,4.0,True
16.0,3.75,True
9.0,3.111111111111111,True
1.0,3.0,True
8.0,3.875,True
12.0,1.75,True
6.0,3.0,True
50.0,2.36,True
58.0,3.913793103448276,True
8.0,3.5,True
29.0,2.0344827586206895,True
1.0,2.0,True
40.0,2.9,True
1.0,4.0,True
8.0,3.875,True
10.0,3.0,True
5.0,3.2,True
28.0,2.7857142857142856,True
6.0,2.5,True
8.0,2.75,True
7.0,3.0,False
8.5,2.6470588235294117,False
11.0,3.4545454545454546,True
3.0,3.0,True
11.0,3.272727272727273,True
4.0,3.5,True
5.0,1.2,True
1.0,3.0,True
12.0,2.8333333333333335,True
2.0,3.0,True
3.0,2.6666666666666665,True
9.0,2.6666666666666665,True
13.0,2.1538461538461537,True
3.0,2.3333333333333335,True
11.0,2.0,True
6.0,2.3333333333333335,True
1.0,3.0,True
55.0,3.3454545454545452,True
26.0,2.8076923076923075,True
13.0,2.4615384615384617,True
7.0,3.2857142857142856,True
47.0,3.234042553191489,True
9.0,3.3333333333333335,True
52.0,2.576923076923077,True
3.0,1.3333333333333333,True
5.0,2.6,True
8.0,3.375,True
56.0,2.4642857142857144,True
53.0,3.9245283018867925,False
55.0,3.7454545454545456,True
63.0,1.253968253968254,True
1.0,3.0,True
1.0,4.0,False
9.0,2.5555555555555554,True
5.0,2.6,True
16.0,3.5,True
5.0,3.4,True
57.0,2.8596491228070176,True
43.0,1.0232558139534884,True
1.0,3.0,True
8.0,2.375,True
4.0,2.25,True
42.0,1.5714285714285714,True
45.0,1.9777777777777779,True
45.0,2.888888888888889,True
1.0,3.0,True
71.0,1.0140845070422535,True
8.0,2.25,True
79.0,1.2784810126582278,True
59.0,1.1355932203389831,True
46.0,2.217391304347826,True
56.0,2.8035714285714284,True
1.0,3.0,True
82.0,1.024390243902439,True
14.0,3.142857142857143,True
1.0,4.0,True
2.0,4.0,True
13.0,4.0,True
2.0,3.0,True
14.0,3.2857142857142856,True
6.0,3.3333333333333335,True
3.0,2.3333333333333335,True
3.0,2.0,True
1.0,3.0,True
4.0,3.25,True
26.0,3.0384615384615383,True
1.0,3.0,True
33.0,3.606060606060606,True
12.0,2.6666666666666665,True
38.0,1.5263157894736843,True
63.0,2.0634920634920637,True
14.0,2.5,True
64.0,1.0,True
66.0,1.3333333333333333,True
1.0,2.0,False
54.0,1.0185185185185186,True
8.0,2.75,True
55.0,3.8545454545454545,True
40.0,1.3,True
7.0,3.5714285714285716,True
48.0,1.3125,True
5.0,3.2,True
53.0,3.830188679245283,True
53.0,2.018867924528302,True
5.0,3.8,True
64.0,3.859375,True
15.0,2.6,True
37.0,2.945945945945946,True
46.0,3.760869565217391,True
20.0,3.75,True
13.0,3.923076923076923,True
69.0,2.391304347826087,True
1.0,3.0,True
45.0,3.8222222222222224,True
39.0,2.6666666666666665,True
65.0,2.6923076923076925,True
61.0,2.8524590163934427,True
25.0,4.0,True
5.0,3.0,True
3.0,4.0,True
14.0,3.5,True
3.0,3.3333333333333335,True
63.0,3.3174603174603177,True
25.0,3.24,True
49.0,2.183673469387755,True
19.0,3.0,True
17.0,2.9411764705882355,True
56.0,1.75,True
27.0,3.4814814814814814,True
5.0,3.2,True
29.0,2.6206896551724137,True
69.0,2.7971014492753623,True
25.0,2.72,True
44.0,3.25,True
56.0,2.5357142857142856,True
29.0,3.7586206896551726,True
13.0,2.769230769230769,True
41.0,3.024390243902439,True
15.0,2.4,True
39.0,2.282051282051282,True
23.0,1.434782608695652,True
1.0,3.0,True
66.0,3.484848484848485,True
3.0,2.3333333333333335,True
36.0,3.9166666666666665,True
38.0,2.973684210526316,True
1.0,3.0,True
10.0,2.8,True
2.0,3.0,True
35.0,2.0,True
80.0,3.075,True
5.0,3.0,True
77.0,1.6363636363636365,True
7.0,3.2857142857142856,True
19.0,2.473684210526316,True
12.0,2.0833333333333335,True
16.0,1.9375,True
16.0,2.625,True
23.0,2.652173913043478,True
8.0,2.5,True
21.0,2.4761904761904763,True
5.0,3.0,True
54.0,2.8333333333333335,True
40.0,1.725,True
11.0,3.6363636363636362,True
52.0,2.0576923076923075,True
78.0,1.6666666666666667,True
40.0,2.05,True
73.0,3.095890410958904,True
70.0,2.5714285714285716,True
46.0,2.4130434782608696,True
72.0,2.263888888888889,True
22.0,3.727272727272727,True
1.0,4.0,False
2.0,4.0,False
1.0,4.0,False
34.0,3.5588235294117645,True
56.0,2.0892857142857144,True
73.0,2.0,True
29.0,1.1724137931034482,True
61.0,2.6065573770491803,True
22.0,3.0454545454545454,True
28.0,2.7142857142857144,True
18.0,2.388888888888889,True
1.0,4.0,True
1.0,4.0,True
123.0,3.869918699186992,True
95.0,2.957894736842105,True
49.0,3.816326530612245,True
96.0,3.8020833333333335,True
111.0,3.4594594594594597,True
144.0,3.9930555555555554,True
199.0,3.9648241206030153,True
181.0,3.74585635359116,True
138.0,3.86231884057971,True
31.0,2.7096774193548385,False
22.0,2.8636363636363638,False
15.0,3.2,False
2.0,2.0,True
10.0,3.4,True
15.0,3.066666666666667,True
124.0,3.629032258064516,True
27.0,3.4814814814814814,True
1.0,3.0,False
5.0,2.8,False
105.0,3.123809523809524,True
30.0,3.1,False
109.0,2.614678899082569,True
56.0,2.9464285714285716,True
32.0,2.65625,True
51.0,3.8823529411764706,True
105.0,3.323809523809524,True
53.0,3.339622641509434,False
40.0,3.3,True
23.0,3.1739130434782608,False
134.0,3.1343283582089554,True
91.0,3.6153846153846154,True
32.0,3.375,True
32.0,3.03125,True
76.0,3.1842105263157894,True
1.0,4.0,True
34.0,3.411764705882353,True
1.0,3.0,True
185.0,3.5837837837837836,True
2.0,3.0,True
1.0,3.0,True
82.0,2.8780487804878048,True
10.0,2.8,True
33.0,2.787878787878788,True
18.0,3.6666666666666665,False
6.0,2.8333333333333335,True
3.0,2.6666666666666665,True
46.0,2.260869565217391,False
78.0,2.858974358974359,False
22.0,2.9545454545454546,True
116.0,3.4741379310344827,True
114.0,3.06140350877193,True
27.0,3.8518518518518516,True
1.0,4.0,True
14.0,2.5714285714285716,True
119.0,3.4453781512605044,True
8.0,3.25,False
83.0,3.4096385542168677,True
14.0,3.7857142857142856,False
99.0,3.080808080808081,True
8.0,3.875,True
28.0,2.892857142857143,True
1.0,3.0,True
67.0,2.7761194029850746,True
166.0,3.8373493975903616,True
37.0,3.4864864864864864,True
15.0,2.933333333333333,True
1.0,3.0,True
7.0,3.2857142857142856,True
60.0,3.8666666666666667,True
128.0,3.1015625,True
141.0,3.6595744680851063,True
79.0,3.7974683544303796,True
112.0,3.0089285714285716,True
78.0,3.6025641025641026,True
18.0,3.611111111111111,True
65.0,3.4,True
61.0,3.2459016393442623,True
3.0,3.0,True
106.0,3.5849056603773586,True
1.0,3.0,True
57.0,3.210526315789474,True
36.0,3.9444444444444446,True
89.0,3.752808988764045,True
27.0,3.740740740740741,True
51.0,3.5294117647058822,True
88.0,3.5,True
5.0,3.0,True
65.0,3.3230769230769233,True
18.0,3.0555555555555554,True
11.0,2.909090909090909,True
1.0,3.0,True
156.0,1.7435897435897436,True
22.0,3.090909090909091,True
130.0,3.476923076923077,True
25.0,3.0,True
6.0,2.8333333333333335,False
116.0,2.9051724137931036,True
4.0,3.0,False
1.0,4.0,True
120.0,3.908333333333333,True
75.0,3.32,True
55.0,3.2181818181818183,True
21.0,2.238095238095238,True
99.0,3.9292929292929295,True
8.0,3.625,True
10.0,3.1,False
4.0,3.0,True
4.0,3.0,True
26.0,3.1538461538461537,True
120.0,3.325,True
29.0,3.0689655172413794,True
1.0,4.0,False
5.0,2.8,True
4.0,2.75,False
1.0,3.0,False
1.0,3.0,True
8.0,4.0,True
1.0,4.0,True
9.0,3.0,True
16.0,3.1875,True
1.0,4.0,False
3.0,3.0,True
23.0,2.9130434782608696,True
46.0,2.847826086956522,True
16.0,2.875,True
47.0,3.9574468085106385,True
6.0,4.0,True
15.0,3.933333333333333,True
18.0,3.5,True
19.0,3.3684210526315788,True
9.0,3.5555555555555554,True
9.0,3.3333333333333335,True
5.0,3.4,True
6.0,3.3333333333333335,True
8.0,3.5,True
5.0,3.6,True
9.0,3.888888888888889,True
1.0,4.0,True
113.0,3.309734513274336,True
0.5,4.0,False
33.0,3.272727272727273,True
0.5,3.0,False
45.0,3.1555555555555554,True
2.0,3.5,False
2.0,4.0,False
8.0,3.375,False
1.0,4.0,False
110.0,3.8454545454545452,True
86.0,3.7906976744186047,True
21.0,3.6666666666666665,False
2.0,3.0,True
10.0,2.8,True
61.0,3.2950819672131146,True
5.0,3.8,True
1.0,4.0,True
14.0,3.2142857142857144,True
9.0,3.111111111111111,True
2.0,3.0,True
2.0,4.0,True
12.0,3.5833333333333335,True
5.0,4.0,True
36.0,3.7222222222222223,True
10.0,3.8,True
7.0,3.7142857142857144,True
2.0,3.0,True
3.0,2.0,True
2.0,2.5,True
1.0,2.0,True
3.0,4.0,True
13.0,3.6923076923076925,True
25.0,3.32,True
3.0,3.6666666666666665,True
2.0,3.0,True
2.0,3.5,True
2.0,2.0,True
2.0,4.0,True
1.0,4.0,False
7.0,3.142857142857143,True
2.0,4.0,True
4.0,2.5,True
1.0,4.0,True
1.0,3.0,True
45.0,3.7555555555555555,True
135.0,2.985074626865672,False
325.0,1.043076923076923,False
144.0,1.8541666666666667,False
188.0,2.898936170212766,True
1.0,2.0,True
41.0,2.4146341463414633,True
3.0,3.3333333333333335,False
2.0,1.0,False
31.0,1.8387096774193548,False
58.0,2.4655172413793105,False
209.0,2.2200956937799043,True
39.0,1.8974358974358974,False
49.5,1.9090909090909092,False
27.0,2.8518518518518516,True
12.0,3.4166666666666665,True
3.0,3.0,False
185.0,1.7567567567567568,True
321.0,2.143302180685358,True
77.0,2.155844155844156,False
104.0,1.9615384615384615,True
13.0,2.230769230769231,True
8.0,2.25,False
247.0,2.4008097165991904,True
177.0,2.8813559322033897,True
27.0,1.2592592592592593,True
34.0,3.088235294117647,True
328.0,3.341463414634146,False
185.0,2.4864864864864864,True
42.0,2.380952380952381,False
195.0,3.578125,True
3.0,3.0,False
85.0,1.576470588235294,True
456.0,2.4210526315789473,False
39.0,3.2051282051282053,False
50.0,3.04,False
91.0,3.0,True
687.0,3.0800582241630274,False
26.0,1.4230769230769231,False
54.0,2.9074074074074074,False
29.0,1.3448275862068966,True
5.0,4.0,False
94.0,3.372340425531915,False
124.0,2.0080645161290325,False
439.0,3.5649202733485192,True
126.0,3.365079365079365,False
106.0,2.3679245283018866,True
282.0,1.5053380782918149,True
124.0,3.161290322580645,True
1.0,3.0,True
89.0,2.168539325842697,False
409.0,2.4193548387096775,False
183.0,2.300546448087432,True
105.0,2.3714285714285714,False
169.0,2.4497041420118344,False
153.0,3.895424836601307,False
64.0,3.1587301587301586,True
117.0,2.5948275862068964,True
53.0,1.6603773584905661,True
94.0,1.7840909090909092,True
14.0,2.5714285714285716,True
23.0,3.0434782608695654,True
179.0,2.664804469273743,False
160.0,3.85625,False
283.0,1.88339222614841,True
4.0,3.0,True
22.0,3.3181818181818183,False
328.0,3.524390243902439,False
162.0,2.4753086419753085,False
102.0,2.323529411764706,False
408.0,3.019607843137255,True
41.0,2.4878048780487805,True
65.0,2.9846153846153847,False
87.0,2.0229885057471266,True
4.0,2.75,True
411.0,1.8880778588807785,False
22.0,3.6363636363636362,True
88.0,3.159090909090909,True
130.0,2.3230769230769233,False
262.0,3.103846153846154,True
6.0,2.8333333333333335,False
235.0,2.551111111111111,True
218.0,3.1481481481481484,True
34.0,4.0,False
208.0,2.0865384615384617,True
108.0,2.8703703703703702,False
138.0,3.0072463768115942,True
34.0,3.1470588235294117,True
19.0,2.9473684210526314,False
69.0,3.0579710144927534,True
55.0,3.1272727272727274,True
43.0,2.0476190476190474,True
80.0,2.725,False
306.0,2.2679738562091503,False
183.0,2.431693989071038,True
174.0,2.3563218390804597,False
12.0,3.9166666666666665,False
169.0,2.21301775147929,False
688.0,3.9738372093023258,True
88.0,2.875,False
72.0,2.263888888888889,True
88.0,3.034090909090909,False
1.0,4.0,True
138.0,2.210144927536232,False
95.0,2.1052631578947367,False
16.0,2.8125,False
52.0,2.0961538461538463,False
500.0,3.44689378757515,True
35.0,2.0285714285714285,False
558.0,1.7724014336917562,True
17.0,2.235294117647059,False
117.0,2.7264957264957266,True
120.0,1.7666666666666666,True
155.0,2.2129032258064516,False
7.0,2.857142857142857,False
526.0,1.0361216730038023,True
1.0,3.0,False
100.0,1.03,False
91.0,2.197802197802198,False
1.0,1.0,True
311.0,3.945337620578778,False
75.0,2.4133333333333336,False
188.0,1.5,False
163.0,1.8895705521472392,False
449.0,2.7707865168539327,True
37.0,1.2702702702702702,True
18.0,2.1666666666666665,False
111.0,2.918918918918919,True
493.0,3.9391480730223125,True
252.0,2.3373493975903616,True
38.0,3.3421052631578947,True
335.0,1.9791044776119402,True
5.0,2.8,False
2.0,3.0,False
116.0,2.4827586206896552,False
9.0,3.111111111111111,False
5.0,3.2,True
195.0,1.1435897435897435,False
40.0,1.275,False
178.0,2.3707865168539324,True
3.0,2.3333333333333335,True
381.0,1.5144356955380578,False
1.0,3.0,False
158.0,2.8227848101265822,True
488.0,2.6557377049180326,False
389.0,2.860526315789474,True
435.0,3.296551724137931,False
159.0,1.949685534591195,True
74.0,2.73972602739726,True
116.0,1.9310344827586208,False
280.0,2.996415770609319,True
134.0,1.492537313432836,False
7.0,2.2857142857142856,True
428.0,3.635514018691589,True
131.0,1.5038167938931297,True
26.0,1.9230769230769231,True
1.0,2.0,False
69.0,2.8840579710144927,False
109.0,2.5514018691588785,True
160.0,2.26875,False
249.0,2.3413654618473894,False
254.0,2.6968503937007875,True
106.0,2.452830188679245,False
4.0,3.25,False
2.0,2.5,False
4.0,2.25,False
29.0,2.7241379310344827,True
1.0,4.0,False
220.0,1.0136363636363637,True
452.0,2.544642857142857,True
41.0,2.097560975609756,False
455.0,3.039443155452436,True
33.0,3.757575757575758,True
17.0,2.9411764705882355,True
216.0,2.75,True
22.0,1.9090909090909092,False
1.0,4.0,True
246.0,1.113821138211382,True
24.0,2.8333333333333335,True
1.0,3.0,False
1.0,1.0,False
23.0,1.9565217391304348,True
114.0,1.5263157894736843,False
467.0,3.308351177730193,True
25.0,3.24,True
30.0,2.6666666666666665,True
114.0,3.3947368421052633,False
80.0,2.825,True
166.0,2.891566265060241,False
56.0,2.6607142857142856,True
22.0,1.5,False
4.0,3.0,False
329.0,1.7386018237082066,True
319.0,1.9655172413793103,True
273.0,1.8974358974358974,False
83.0,2.325301204819277,True
480.0,1.8520833333333333,True
354.0,3.2231638418079096,True
3.0,3.3333333333333335,False
12.0,2.8333333333333335,True
152.0,2.5328947368421053,False
287.0,2.658536585365854,False
132.0,1.2954545454545454,True
1.0,3.0,False
33.0,2.090909090909091,True
740.0,3.6283783783783785,True
55.0,1.8909090909090909,False
1.0,3.0,False
3.0,2.3333333333333335,True
19.0,3.0,False
10.0,3.6,True
456.0,1.837719298245614,True
385.0,2.051948051948052,False
53.0,2.0377358490566038,False
197.0,2.6802030456852792,False
167.0,2.532934131736527,False
49.0,2.6530612244897958,False
140.0,3.8857142857142857,False
70.0,2.9714285714285715,True
141.0,3.234042553191489,True
6.0,3.1666666666666665,False
2.0,3.0,False
1.0,2.0,False
1.0,4.0,False
6.0,2.0,True
7.0,3.0,False
1.0,1.0,False
39.0,2.4358974358974357,False
2.0,3.5,False
6.0,3.6666666666666665,False
85.0,2.3529411764705883,False
107.0,3.663551401869159,False
73.0,2.6027397260273974,False
189.0,1.4603174603174602,True
40.0,2.975,False
18.0,2.7222222222222223,True
11.0,3.1818181818181817,True
27.0,2.6666666666666665,False
101.0,2.1584158415841586,False
91.0,3.4175824175824174,False
60.0,3.433333333333333,True
21.0,3.0476190476190474,False
6.0,2.3333333333333335,False
156.0,3.7051282051282053,True
45.0,3.2222222222222223,True
71.0,2.943661971830986,True
244.0,2.860655737704918,True
21.0,3.6666666666666665,False
4.0,2.5,False
5.0,2.2,False
4.0,2.75,False
4.0,2.75,False
299.0,1.4849498327759196,False
26.0,2.8461538461538463,False
10.0,2.1,False
161.0,2.012422360248447,False
30.0,2.4,True
25.0,3.48,False
22.0,2.590909090909091,True
3.0,3.3333333333333335,True
2.0,3.0,True
296.0,1.0472972972972974,True
29.0,3.2413793103448274,True
284.0,1.426056338028169,True
3.0,2.3333333333333335,False
58.0,2.0344827586206895,False
192.0,2.5833333333333335,False
63.0,2.8095238095238093,False
6.0,3.3333333333333335,True
9.0,3.888888888888889,False
136.0,2.485294117647059,False
4.0,3.0,False
86.0,3.744186046511628,False
5.0,3.8,False
75.0,3.6933333333333334,True
1.0,4.0,False
480.0,2.71875,False
37.0,1.7027027027027026,True
24.0,3.8333333333333335,True
14.0,2.857142857142857,False
25.0,2.12,False
4.0,3.0,False
22.0,2.1818181818181817,True
22.0,2.272727272727273,False
6.0,3.1666666666666665,False
16.0,2.625,True
22.0,2.909090909090909,True
4.0,2.75,False
2.0,2.0,True
51.0,2.549019607843137,False
42.0,2.5,False
1.0,4.0,True
7.0,3.142857142857143,False
1.0,3.0,True
2.0,2.5,False
125.0,1.04,True
15.0,2.8666666666666667,False
5.0,2.2,False
1.0,3.0,True
2.0,3.0,True
15.0,2.8,True
3.0,2.3333333333333335,False
11.0,2.0,False
12.0,2.25,False
1.0,3.0,False
4.0,1.5,True
6.0,3.0,True
1.0,3.0,False
8.0,3.375,True
1.0,3.0,True
1.0,3.0,True
12.0,1.5833333333333333,False
5.0,1.6,False
1.0,3.0,False
3.0,3.6666666666666665,False
28.0,3.25,True
25.0,2.76,False
47.0,2.702127659574468,False
17.0,2.8823529411764706,False
1.0,3.0,True
9.0,2.888888888888889,False
47.0,3.382978723404255,False
23.0,4.0,False
12.0,3.9166666666666665,True
1.0,4.0,True
4.0,4.0,False
160.0,3.41875,False
9.0,2.2222222222222223,False
79.0,3.2151898734177213,False
28.0,2.607142857142857,False
1.0,3.0,False
200.0,1.51,False
201.0,3.8507462686567164,False
26.0,2.923076923076923,True
2.0,2.0,False
66.0,2.303030303030303,True
135.0,3.0296296296296297,False
203.0,3.2561576354679804,False
132.0,3.7196969696969697,False
325.0,1.4215384615384616,True
123.0,2.5284552845528454,False
319.0,3.9968652037617556,True
40.0,2.5,False
239.0,3.0418410041841004,False
91.0,2.67032967032967,True
7.0,2.142857142857143,True
1.0,3.0,False
3.0,3.6666666666666665,False
26.0,1.0384615384615385,False
19.0,3.210526315789474,False
157.0,2.1337579617834397,True
492.0,1.1239837398373984,True
16.0,2.5625,True
80.0,2.3625,True
221.0,3.1266968325791855,True
51.0,3.0588235294117645,False
246.0,2.9634146341463414,False
9.0,2.5555555555555554,False
185.0,3.1027027027027025,True
1.0,3.0,False
36.0,3.138888888888889,False
130.0,3.1153846153846154,True
325.0,3.883076923076923,True
3.0,3.6666666666666665,False
114.0,3.9473684210526314,True
9.0,3.7777777777777777,False
162.0,2.9691358024691357,True
212.0,2.8349056603773586,True
180.0,3.1555555555555554,True
195.0,3.1435897435897435,True
11.0,3.1818181818181817,False
4.0,3.0,True
2.0,3.5,False
151.0,2.9403973509933774,True
211.0,2.3033175355450237,True
6.0,3.0,False
123.0,3.024390243902439,True
142.0,2.4225352112676055,True
150.0,2.9266666666666667,True
87.0,2.9655172413793105,True
230.0,2.626086956521739,True
31.0,3.838709677419355,True
22.0,3.5,False
36.0,3.0,False
66.0,3.0303030303030303,False
19.0,2.8947368421052633,True
36.0,2.361111111111111,False
136.0,2.963235294117647,True
80.0,3.6,True
236.0,3.1186440677966103,True
27.0,2.7037037037037037,True
1.0,4.0,False
57.0,3.43859649122807,False
1.0,3.0,False
93.0,2.2688172043010755,True
154.0,1.3181818181818181,True
4.0,3.75,True
3.0,4.0,True
209.0,2.875598086124402,True
102.0,3.9607843137254903,False
131.0,3.3969465648854964,True
31.0,2.225806451612903,True
34.0,2.6176470588235294,False
8.0,3.125,True
14.0,2.5714285714285716,False
159.0,2.2452830188679247,True
5.0,3.0,True
217.0,2.6497695852534564,True
44.0,2.840909090909091,True
5.0,2.0,True
73.0,2.9178082191780823,True
25.0,1.52,False
9.0,2.111111111111111,False
164.0,2.9634146341463414,True
190.0,3.0105263157894737,True
10.0,2.9,True
253.0,2.308300395256917,True
3.0,3.0,True
19.0,3.5789473684210527,False
1.0,3.0,True
114.0,2.824561403508772,True
98.0,3.0,True
162.0,3.4753086419753085,True
67.0,2.08955223880597,True
17.0,2.2941176470588234,True
1.0,3.0,True
36.0,3.0277777777777777,True
2.0,3.5,False
1.0,3.0,False
4.0,1.5,True
1.0,3.0,False
115.0,2.252173913043478,True
8.0,2.125,True
2.0,3.0,True
13.0,3.230769230769231,True
127.0,2.267716535433071,True
69.0,2.2753623188405796,True
5.0,2.0,False
70.0,1.6714285714285715,True
11.0,3.909090909090909,True
2.0,3.5,True
9.0,3.2222222222222223,True
18.0,2.5555555555555554,True
48.0,2.4791666666666665,True
93.0,1.3118279569892473,True
1.0,3.0,False
19.0,2.5789473684210527,True
1.0,3.0,True
232.0,1.5,True
12.0,3.6666666666666665,False
2.0,4.0,True
1.0,3.0,True
24.0,2.0,True
44.0,2.772727272727273,True
18.0,2.7777777777777777,True
36.0,2.388888888888889,True
8.0,3.0,True
31.0,1.1935483870967742,True
6.0,1.6666666666666667,True
9.0,2.111111111111111,True
3.0,1.0,True
29.0,3.0,True
40.0,2.45,True
6.0,3.5,False
1.0,3.0,False
245.0,3.053061224489796,True
15.0,3.2666666666666666,False
14.0,2.5,False
233.0,2.424892703862661,True
79.0,2.607594936708861,False
1.0,4.0,True
3.0,3.0,True
48.0,3.8333333333333335,True
1.0,3.0,True
1.0,4.0,True
8.0,1.125,True
275.0,3.941818181818182,True
20.0,3.1,False
1.0,4.0,False
18.0,2.3333333333333335,True
251.0,1.4940239043824701,True
3.0,3.0,True
187.0,1.732620320855615,True
143.0,1.3636363636363635,False
1.0,3.0,True
4.0,2.75,True
2.0,3.0,True
18.0,2.6666666666666665,True
141.0,3.7375886524822697,True
2.0,3.5,False
19.0,3.526315789473684,False
5.0,2.6,True
116.0,2.7844827586206895,True
1.0,4.0,True
1.0,3.0,True
13.0,2.3076923076923075,True
47.0,3.9361702127659575,False
2.0,2.5,True
92.0,1.2391304347826086,True
7.0,3.0,True
85.0,3.9176470588235293,True
34.0,2.8529411764705883,True
5.0,2.8,False
7.0,2.2857142857142856,True
8.0,3.375,True
2.0,3.0,False
193.0,1.6994818652849741,True
87.0,2.735632183908046,True
193.0,3.533678756476684,True
171.0,1.128654970760234,True
64.0,1.0,False
5.0,3.2,True
8.0,2.75,True
83.0,2.8313253012048194,False
6.0,2.8333333333333335,True
62.0,3.0161290322580645,False
3.0,3.3333333333333335,True
2.0,3.5,False
21.0,2.9047619047619047,False
4.0,3.75,False
5.0,2.8,False
8.0,2.5,False
1.0,3.0,False
30.0,2.9,False
17.0,2.8823529411764706,False
39.0,3.076923076923077,False
48.0,2.6666666666666665,False
55.0,2.4909090909090907,False
3.0,3.3333333333333335,False
4.0,2.75,False
17.0,2.6470588235294117,False
6.0,3.0,False
5.0,3.4,False
1.0,3.0,False
1.0,3.0,False
1.0,3.0,False
1.0,3.0,False
13.0,2.923076923076923,False
49.0,3.36734693877551,False
4.0,3.0,False
3.0,3.3333333333333335,False
1.0,3.0,False
2.0,3.5,False
55.0,2.5454545454545454,True
1.0,4.0,False
19.0,3.1578947368421053,True
9.0,3.2222222222222223,True
241.0,3.029045643153527,True
17.0,2.3529411764705883,True
1.0,4.0,False
1.0,4.0,False
89.0,3.044943820224719,True
3.0,2.3333333333333335,True
5.0,3.0,False
42.0,3.0,True
30.0,2.6,True
231.0,1.316017316017316,True
45.0,2.911111111111111,True
101.0,2.8415841584158414,True
27.0,2.0,True
18.0,3.2222222222222223,True
36.0,2.4166666666666665,True
4.0,3.25,False
4.0,4.0,False
2.0,3.0,False
1.0,3.0,False
5.0,3.2,False
2.0,3.0,False
1.0,3.0,True
6.0,2.6666666666666665,True
20.0,2.45,True
1.0,3.0,False
20.0,2.85,True
34.0,2.676470588235294,True
2.0,3.5,True
134.0,3.0522388059701493,True
22.0,1.5909090909090908,True
12.0,2.8333333333333335,True
6.0,2.6666666666666665,False
27.0,3.185185185185185,True
1.0,3.0,False
37.0,4.0,True
33.0,3.3636363636363638,True
3.0,3.3333333333333335,True
181.0,1.408839779005525,True
134.0,3.037313432835821,True
2.0,3.0,False
18.0,3.4444444444444446,True
2.0,3.0,True
47.0,3.9361702127659575,True
40.0,2.95,True
115.0,3.0,True
76.0,2.526315789473684,True
152.0,3.5,True
1.0,4.0,False
43.0,2.558139534883721,True
16.0,3.4375,True
84.0,3.0238095238095237,True
1.0,4.0,True
82.0,3.0,True
15.0,3.1333333333333333,True
176.0,4.0,True
2.0,2.0,True
39.0,2.8461538461538463,True
95.0,3.9789473684210526,True
10.0,3.1,True
90.0,3.8777777777777778,True
57.0,3.017543859649123,True
8.0,2.25,True
147.0,3.741496598639456,True
4.0,3.25,True
42.0,3.642857142857143,True
7.0,3.4285714285714284,True
41.0,2.4634146341463414,True
1.0,4.0,True
116.0,3.8879310344827585,True
16.0,3.0625,True
172.0,2.046511627906977,True
141.0,3.4326241134751774,True
33.0,2.787878787878788,False
128.0,2.96875,True
183.0,2.8961748633879782,True
133.0,2.7669172932330826,True
40.0,3.775,True
2.0,4.0,True
158.0,3.930379746835443,True
8.0,2.5,True
137.0,3.218978102189781,True
25.0,3.32,False
8.0,3.625,False
2.0,4.0,False
1.0,4.0,True
44.0,2.840909090909091,True
8.0,3.0,True
49.0,3.4489795918367347,True
7.0,4.0,True
176.0,1.2386363636363635,True
13.0,2.8461538461538463,True
103.0,1.0097087378640777,True
2.0,3.5,True
47.0,3.3191489361702127,True
60.0,1.75,True
111.0,3.0,True
159.0,2.641509433962264,True
3.0,2.6666666666666665,True
43.0,3.0232558139534884,True
1.0,3.0,False
45.0,3.0,True
30.0,2.966666666666667,False
10.0,3.6,False
46.0,2.847826086956522,True
87.0,2.9885057471264367,True
85.0,2.8,True
19.0,3.9473684210526314,True
10.0,2.9,True
89.0,3.044943820224719,True
5.0,3.0,True
1.0,3.0,True
163.0,3.0,True
7.0,3.142857142857143,True
28.0,2.642857142857143,True
51.0,3.8823529411764706,True
7.0,2.5714285714285716,True
115.0,1.3130434782608695,True
7.0,3.2857142857142856,True
115.0,1.391304347826087,True
61.0,3.6721311475409837,True
27.0,3.0,True
92.0,2.717391304347826,True
35.0,2.942857142857143,True
35.0,2.7714285714285714,True
16.0,4.0,True
85.0,3.023529411764706,False
2.0,4.0,True
3.0,3.6666666666666665,True
12.0,3.0833333333333335,True
2.0,3.0,True
5.0,2.2,True
95.0,3.0,True
3.0,3.3333333333333335,True
6.0,3.1666666666666665,False
111.0,3.009009009009009,True
1.0,4.0,True
164.0,3.7865853658536586,True
156.0,2.9038461538461537,True
3.0,2.3333333333333335,False
117.0,2.9145299145299144,True
3.0,3.6666666666666665,True
19.0,2.789473684210526,False
168.0,3.017857142857143,True
122.0,3.0163934426229506,True
43.0,2.953488372093023,True
47.0,2.851063829787234,True
7.0,3.4285714285714284,True
11.0,3.3636363636363638,True
25.0,3.4,True
32.0,3.78125,True
17.0,3.235294117647059,True
14.0,3.142857142857143,True
144.0,2.9652777777777777,True
5.0,4.0,True
17.0,2.764705882352941,False
10.0,3.1,True
138.0,3.036231884057971,True
10.0,3.0,True
118.0,3.864406779661017,True
109.0,3.2110091743119265,True
1.0,3.0,False
43.0,3.255813953488372,True
16.0,3.0,True
3.0,3.0,True
4.0,3.0,True
3.0,3.3333333333333335,True
94.0,2.3191489361702127,True
3.0,3.0,True
152.0,3.9342105263157894,True
116.0,3.0086206896551726,True
18.0,3.0,False
28.0,2.9642857142857144,True
37.0,3.972972972972973,True
2.0,4.0,True
1.0,3.0,False
6.0,2.8333333333333335,True
93.0,2.935483870967742,True
62.0,3.0483870967741935,True
18.0,2.8333333333333335,True
5.0,3.2,True
89.0,2.292134831460674,True
50.0,3.28,True
1.0,3.0,True
124.0,2.9919354838709675,True
20.0,2.8,True
132.0,3.8333333333333335,True
13.0,3.0,False
6.0,3.6666666666666665,False
23.0,3.6956521739130435,True
1.0,4.0,True
81.0,3.0864197530864197,True
1.0,4.0,True
54.0,2.7037037037037037,True
18.0,2.5555555555555554,True
16.0,3.25,True
15.0,3.4,True
95.0,2.6842105263157894,False
89.0,3.5730337078651684,True
137.0,3.102189781021898,True
131.0,3.480916030534351,True
1.0,4.0,True
122.0,3.057377049180328,True
165.0,3.1454545454545455,True
22.0,3.909090909090909,True
17.0,2.8823529411764706,True
7.0,3.142857142857143,True
120.0,4.0,True
70.0,3.2142857142857144,True
18.0,3.4444444444444446,True
44.0,3.0,True
74.0,3.0135135135135136,True
53.0,2.2452830188679247,True
165.0,3.987878787878788,True
3.0,3.6666666666666665,True
176.0,1.3125,True
75.0,3.04,True
4.0,2.0,True
80.0,2.9625,True
47.0,2.8297872340425534,True
12.0,3.25,True
19.0,3.0526315789473686,True
1.0,3.0,True
39.0,2.9743589743589745,True
75.0,1.4533333333333334,True
64.0,3.03125,True
112.0,3.75,True
163.0,2.950920245398773,True
76.0,3.013157894736842,True
77.0,2.857142857142857,True
140.0,2.05,True
128.0,2.5234375,True
45.0,3.066666666666667,True
51.0,3.196078431372549,True
17.0,2.1176470588235294,True
13.0,2.5384615384615383,True
33.0,2.909090909090909,True
11.0,3.0,True
69.0,2.4347826086956523,True
105.0,3.876190476190476,True
43.0,3.7674418604651163,True
3.0,3.3333333333333335,True
19.0,3.4210526315789473,True
89.0,3.9213483146067416,True
2.0,3.5,False
33.0,4.0,False
16.0,3.5625,False
37.0,2.4324324324324325,True
25.0,3.64,True
35.0,3.342857142857143,True
8.0,3.5,True
11.0,3.6363636363636362,True
32.0,3.59375,True
1.0,3.0,True
1.0,4.0,True
1.0,3.0,True
5.0,1.6,True
6.0,3.6666666666666665,True
8.0,3.0,True
1.0,4.0,True
32.0,3.71875,True
16.0,2.9375,True
3.0,3.6666666666666665,True
1.0,3.0,True
3.0,2.6666666666666665,True
2.0,3.0,True
257.0,3.1712062256809337,True
45.5,1.2527472527472527,False
66.0,2.4696969696969697,True
20.5,1.1951219512195121,False
47.0,3.3617021276595747,True
5.0,4.0,False
260.0,3.0653846153846156,True
16.0,3.625,True
259.0,3.1274131274131274,True
206.0,2.1844660194174756,True
320.0,2.5,True
142.0,2.7253521126760565,True
111.0,2.144144144144144,True
155.0,3.425806451612903,True
282.0,3.9893617021276597,True
269.0,3.973977695167286,True
161.0,3.1925465838509317,False
228.0,2.1140350877192984,True
196.0,1.6989795918367347,True
155.0,2.52258064516129,True
168.0,3.2142857142857144,True
320.0,3.809375,True
87.0,3.0804597701149423,True
127.0,3.409448818897638,True
262.0,2.1603053435114505,True
325.0,2.2646153846153845,True
1.0,3.0,True
296.0,3.054054054054054,True
300.0,2.8666666666666667,True
63.0,3.253968253968254,True
22.0,3.1363636363636362,True
183.0,3.3278688524590163,True
174.0,3.0114942528735633,True
17.0,2.8823529411764706,True
84.0,3.3452380952380953,True
26.0,3.8846153846153846,True
153.0,3.0326797385620914,True
57.0,1.719298245614035,True
80.0,1.8375,True
148.0,3.3783783783783785,True
124.0,1.3790322580645162,True
185.0,2.4162162162162164,True
205.0,1.6,True
4.0,3.5,True
222.0,2.536036036036036,True
13.0,3.8461538461538463,True
73.0,3.7534246575342465,False
24.0,3.0416666666666665,True
88.0,1.8409090909090908,True
85.0,2.1882352941176473,True
150.0,3.1866666666666665,True
125.0,2.952,True
284.0,2.8028169014084505,True
76.0,1.9210526315789473,True
3.0,3.3333333333333335,True
210.0,2.7285714285714286,True
2.0,4.0,True
120.0,1.4,False
130.0,1.2,False
71.0,1.0845070422535212,True
51.0,2.0784313725490198,True
57.0,3.6315789473684212,True
134.0,2.9925373134328357,True
62.0,2.129032258064516,True
45.0,3.6666666666666665,True
107.0,2.3738317757009346,True
12.0,3.0833333333333335,True
45.0,3.2444444444444445,True
102.0,2.1372549019607843,True
237.0,3.371308016877637,True
165.0,2.303030303030303,True
63.0,1.6349206349206349,True
56.0,2.8035714285714284,True
153.0,3.0,True
3.0,2.6666666666666665,False
6.0,3.1666666666666665,True
44.0,3.25,True
36.0,3.0833333333333335,True
3.0,3.3333333333333335,True
72.0,2.5416666666666665,True
25.0,4.0,True
24.0,2.9166666666666665,True
14.0,3.142857142857143,True
17.0,2.2941176470588234,True
222.0,3.963963963963964,True
73.0,3.0273972602739727,True
22.0,3.772727272727273,True
168.0,2.0476190476190474,True
151.0,2.880794701986755,True
225.0,2.973333333333333,True
1.0,3.0,True
96.0,2.9895833333333335,True
111.0,2.4144144144144146,True
160.0,2.84375,True
29.0,3.3793103448275863,True
66.0,1.7272727272727273,True
73.0,1.8767123287671232,True
77.0,3.2987012987012987,True
10.0,3.0,True
68.0,2.323529411764706,True
87.0,3.8850574712643677,True
7.0,3.142857142857143,True
246.0,2.6097560975609757,True
296.0,3.47972972972973,True
157.0,2.9872611464968153,True
125.0,4.0,True
57.0,2.2280701754385963,True
15.0,2.6,True
51.0,2.764705882352941,True
13.0,2.6153846153846154,True
41.0,2.8292682926829267,True
275.0,3.3781818181818184,True
14.0,3.142857142857143,True
119.0,3.1092436974789917,True
81.0,3.0,True
170.0,2.929411764705882,True
83.0,2.8433734939759034,True
35.0,1.9714285714285715,True
306.0,2.3790849673202614,True
178.0,1.2808988764044944,False
205.0,2.5414634146341464,False
72.0,2.0416666666666665,True
37.0,3.0,True
316.0,2.768987341772152,True
222.0,2.5135135135135136,True
8.0,3.75,True
208.0,3.985576923076923,False
28.0,3.0714285714285716,True
39.0,3.0256410256410255,True
61.0,1.278688524590164,True
17.0,1.2352941176470589,False
5.0,2.8,True
122.0,2.9836065573770494,True
64.0,1.984375,False
44.0,3.7045454545454546,True
151.0,3.066225165562914,True
133.0,2.736842105263158,False
181.0,3.9889502762430937,True
108.0,2.425925925925926,True
28.0,2.8214285714285716,True
11.0,3.1818181818181817,True
30.0,2.8,True
17.0,2.764705882352941,False
111.0,2.972972972972973,True
273.0,3.249084249084249,True
218.0,1.8577981651376148,True
23.0,3.0869565217391304,True
121.0,2.628099173553719,True
28.0,3.6785714285714284,True
276.0,2.0434782608695654,True
32.0,3.125,True
238.0,1.3319327731092436,True
15.0,3.3333333333333335,True
151.0,1.4437086092715232,False
73.0,2.2054794520547945,True
12.0,3.0,True
3.0,3.3333333333333335,True
150.0,3.04,True
95.0,2.8210526315789473,True
59.0,3.016949152542373,True
92.0,1.608695652173913,True
71.0,2.859154929577465,False
32.0,2.8125,True
203.0,2.6748768472906406,True
22.0,3.5454545454545454,False
4.0,3.0,True
123.0,3.959349593495935,True
27.0,3.037037037037037,True
6.0,3.1666666666666665,True
283.0,2.9752650176678443,True
73.0,2.410958904109589,True
30.0,2.6,True
272.0,3.0,True
152.0,1.6513157894736843,True
40.0,2.75,True
39.0,3.3076923076923075,True
130.0,2.853846153846154,True
47.0,2.893617021276596,True
68.0,2.926470588235294,True
16.0,1.5625,True
5.0,2.6,True
36.0,3.1666666666666665,False
111.0,1.1711711711711712,True
102.0,3.049019607843137,True
32.0,2.375,True
169.0,3.1183431952662723,True
102.0,1.4803921568627452,True
201.0,2.54228855721393,True
318.0,3.9559748427672954,True
264.0,2.647727272727273,True
12.0,3.0833333333333335,True
28.0,3.2142857142857144,False
1.0,3.0,True
4.0,2.75,True
292.0,2.702054794520548,True
22.0,2.9545454545454546,False
26.0,3.6153846153846154,False
174.0,3.1436781609195403,False
1.0,3.0,False
56.0,3.892857142857143,True
76.0,3.3026315789473686,False
1.0,4.0,True
37.0,2.7027027027027026,False
210.0,2.9952380952380953,True
35.0,3.2857142857142856,False
25.0,3.4,False
18.0,3.8333333333333335,False
4.0,3.5,False
1.0,4.0,False
2.0,3.5,False
11.0,2.8181818181818183,False
218.0,3.536697247706422,True
20.0,3.7,False
40.0,2.525,False
207.0,3.4589371980676327,True
136.0,2.786764705882353,True
196.0,2.056122448979592,True
3.0,4.0,False
179.0,3.988826815642458,True
5.0,4.0,True
133.0,3.962406015037594,True
11.0,3.4545454545454546,True
1.0,3.0,True
4.0,1.25,True
2.0,3.5,True
8.0,3.25,True
10.0,1.2,True
10.0,3.0,True
8.0,2.0,True
2.0,3.0,True
8.0,2.75,True
5.0,3.0,True
7.0,3.2857142857142856,True
11.0,3.1818181818181817,True
5.0,1.8,True
4.5,3.6666666666666665,False
1.0,4.0,True
1.0,2.0,False
164.0,3.347560975609756,True
114.0,3.8157894736842106,True
80.0,2.9375,False
20.0,3.25,True
1.0,3.0,True
218.0,2.761467889908257,True
138.0,2.0579710144927534,True
51.0,3.235294117647059,True
2.0,3.5,True
27.0,3.259259259259259,True
2.0,3.5,True
1.0,4.0,True
8.0,3.125,False
23.0,2.9565217391304346,True
43.0,3.0930232558139537,True
62.0,3.1129032258064515,True
329.0,1.9544072948328268,True
8.0,2.875,True
59.0,1.7118644067796611,True
232.0,3.2370689655172415,True
11.0,2.8181818181818183,False
23.0,2.9565217391304346,False
309.0,2.501618122977346,True
30.0,2.6666666666666665,True
172.0,1.9767441860465116,False
32.0,2.9375,True
21.0,2.4285714285714284,True
104.0,3.0865384615384617,True
87.0,2.574712643678161,True
48.0,2.875,True
84.0,3.119047619047619,True
72.0,3.2916666666666665,True
157.0,2.872611464968153,True
19.0,2.9473684210526314,True
6.0,3.6666666666666665,True
52.0,2.0,True
45.0,2.933333333333333,True
36.0,2.7777777777777777,True
10.0,3.1,True
70.0,2.9571428571428573,True
1.0,3.0,True
41.0,3.1463414634146343,True
22.0,3.772727272727273,True
1.0,4.0,True
1.0,4.0,True
10.0,3.4,True
1.0,4.0,True
11.0,3.0,True
86.0,1.9883720930232558,True
68.0,1.3088235294117647,True
1.0,4.0,True
36.0,1.1666666666666667,True
15.0,1.8666666666666667,True
6.0,3.1666666666666665,True
54.0,2.537037037037037,True
40.0,3.025,True
3.0,2.6666666666666665,True
14.0,3.0,True
90.0,2.522222222222222,True
12.0,3.0,True
19.0,2.8421052631578947,False
6.0,2.5,False
10.0,2.8,True
3.0,2.3333333333333335,True
24.0,2.9166666666666665,False
126.0,1.8492063492063493,True
1.0,3.0,True
105.0,2.123809523809524,True
9.0,3.5555555555555554,True
6.0,2.5,True
24.0,3.1666666666666665,True
2.0,3.5,True
2.0,4.0,True
2.0,3.5,True
1.0,3.0,True
9.0,2.7777777777777777,True
22.0,3.8181818181818183,True
1.0,3.0,True
2.0,3.5,True
2.0,3.0,True
3.0,3.0,True
2.0,3.5,True
3.0,1.6666666666666667,True
1.0,4.0,True
1.0,2.0,True
3.0,3.0,True
3.0,3.3333333333333335,True
2.0,3.5,True
1.0,3.0,True
3.0,2.6666666666666665,True
1.0,3.0,True
7.0,3.142857142857143,True
1.0,3.0,True
98.0,2.979591836734694,False
34.0,3.9705882352941178,True
50.0,3.7,True
80.0,3.8375,True
101.0,3.0495049504950495,True
40.0,3.45,True
79.0,3.810126582278481,True
96.0,3.7291666666666665,True
183.0,3.978142076502732,True
130.0,3.9461538461538463,True
19.0,3.1578947368421053,True
57.0,3.8771929824561404,True
82.0,3.475609756097561,True
38.0,4.0,True
46.0,4.0,True
3.0,2.6666666666666665,False
16.0,3.0,True
19.0,2.9473684210526314,True
161.0,3.968944099378882,True
29.0,3.793103448275862,True
140.0,4.0,True
74.0,3.472972972972973,True
69.0,3.391304347826087,True
107.0,3.074766355140187,True
54.0,3.3333333333333335,True
104.0,3.394230769230769,True
85.0,3.2470588235294118,True
89.0,3.101123595505618,True
133.0,3.007518796992481,True
95.0,3.8210526315789473,True
95.0,3.263157894736842,True
39.0,3.0,True
19.0,3.0,True
114.0,3.026315789473684,True
92.0,2.989130434782609,True
27.0,3.6296296296296298,True
64.0,3.3125,True
21.0,3.0476190476190474,True
60.0,3.3333333333333335,True
83.0,3.9397590361445785,True
18.0,3.7222222222222223,True
63.0,3.0317460317460316,True
127.0,3.0866141732283463,True
31.0,2.903225806451613,True
35.0,3.6857142857142855,True
64.0,3.671875,True
59.0,3.0508474576271185,True
181.0,2.9171270718232045,True
112.0,2.982142857142857,True
250.0,3.888,True
192.0,3.3802083333333335,True
18.0,3.0555555555555554,True
306.0,1.477124183006536,True
163.0,2.98159509202454,True
190.0,3.7842105263157895,True
159.0,3.459119496855346,True
1.0,4.0,True
14.0,3.142857142857143,True
33.0,3.121212121212121,True
277.0,1.8014440433212997,True
20.0,2.15,True
47.0,2.978723404255319,True
19.0,3.0526315789473686,True
46.0,2.5652173913043477,True
135.0,2.8814814814814813,True
20.0,2.6,True
12.0,2.8333333333333335,True
30.0,3.1333333333333333,True
79.0,3.1139240506329116,True
52.0,2.480769230769231,True
4.0,2.75,True
11.0,3.0,True
149.0,2.8456375838926173,True
42.0,2.9523809523809526,True
70.0,2.9857142857142858,True
15.0,1.2666666666666666,True
79.0,2.6962025316455698,True
163.0,2.5276073619631902,True
202.0,3.0495049504950495,True
14.0,3.7857142857142856,True
18.0,2.7222222222222223,True
17.0,3.0588235294117645,True
117.0,2.017094017094017,True
176.0,3.2556818181818183,True
278.0,2.08273381294964,True
7.0,3.5714285714285716,True
130.0,2.776923076923077,True
28.0,2.607142857142857,True
5.0,3.2,True
28.0,2.642857142857143,True
59.0,2.8813559322033897,True
22.0,3.0454545454545454,True
1.0,3.0,True
6.0,1.6666666666666667,True
44.0,3.1818181818181817,True
26.0,2.9615384615384617,True
13.0,3.4615384615384617,True
16.0,3.4375,True
145.0,2.9379310344827587,True
93.0,2.7311827956989245,True
55.0,3.381818181818182,True
20.0,2.75,True
11.0,3.6363636363636362,True
3.0,2.6666666666666665,True
7.0,3.857142857142857,True
12.0,3.5833333333333335,True
6.0,2.6666666666666665,True
6.0,3.3333333333333335,True
38.0,2.736842105263158,True
10.0,2.4,True
23.0,2.4347826086956523,True
4.0,3.25,True
11.0,2.6363636363636362,True
5.0,2.8,True
22.0,3.1818181818181817,True
1.0,3.0,True
204.0,2.4754901960784315,True
1.0,3.0,True
2.0,3.5,True
2.0,3.0,True
1.0,3.0,True
3.0,3.3333333333333335,True
2.0,3.5,True
1.0,3.0,True
1.0,1.0,True
6.0,3.3333333333333335,True
16.0,2.375,True
23.0,3.782608695652174,True
17.0,3.0588235294117645,True
4.0,2.75,True
1.0,4.0,True
86.0,2.1744186046511627,True
8.0,3.0,True
40.0,3.725,True
13.0,3.769230769230769,True
4.0,3.75,True
129.0,3.86046511627907,True
2.0,3.5,True
58.0,3.103448275862069,True
24.0,3.625,True
1.0,3.0,True
2.0,4.0,True
4.0,3.0,True
13.0,2.923076923076923,True
102.0,3.5,True
4.0,3.5,True
4.0,3.25,True
1.0,3.0,True
5.0,3.4,True
2.0,4.0,True
3.0,3.6666666666666665,True
7.0,2.5714285714285716,True
8.0,3.875,True
2.0,3.5,True
1.0,3.0,True
7.0,3.4285714285714284,True
8.0,3.375,True
9.0,3.111111111111111,True
5.0,3.0,True
3.0,3.3333333333333335,True
4.0,3.25,True
3.0,3.0,True
1.0,3.0,True
1.0,3.0,True
5.0,3.4,True
1.0,3.0,True
6.0,3.0,True
1.0,3.0,True
3.0,3.0,True
5.0,3.2,True
4.0,3.25,True
3.0,3.0,True
157.0,3.8471337579617835,True
70.0,3.2214285714285715,False
84.0,2.880952380952381,False
6.0,2.0,True
68.0,2.5,True
101.0,2.2475247524752477,True
9.0,3.111111111111111,True
65.0,3.1538461538461537,True
11.0,3.0,True
11.0,3.090909090909091,True
62.0,2.306451612903226,True
31.0,2.3548387096774195,True
115.0,3.034782608695652,True
28.0,1.7857142857142858,True
94.0,2.8617021276595747,True
99.0,2.6565656565656566,True
133.0,3.0526315789473686,True
68.0,2.7941176470588234,True
1.0,3.0,True
40.0,2.6,True
24.0,3.5416666666666665,True
21.0,3.4761904761904763,True
27.0,3.7037037037037037,True
17.0,2.0588235294117645,True
106.0,3.009433962264151,True
22.0,2.0,True
23.0,2.391304347826087,True
18.0,2.7777777777777777,True
30.0,3.1,True
54.0,2.0925925925925926,True
122.0,2.7295081967213113,True
76.0,2.3421052631578947,True
23.0,2.608695652173913,True
108.0,2.509259259259259,True
17.0,3.2941176470588234,True
33.0,3.8484848484848486,True
83.0,1.3373493975903614,True
13.0,3.230769230769231,True
38.0,3.6315789473684212,True
119.0,1.5210084033613445,True
66.0,3.121212121212121,True
32.0,3.0,True
14.0,2.7142857142857144,True
5.0,3.6,True
4.0,3.25,False
6.0,3.5,True
3.0,3.0,True
10.0,3.0,True
161.0,2.9937888198757765,True
18.0,2.4444444444444446,True
223.0,2.995515695067265,True
1.0,3.0,True
44.0,2.5454545454545454,True
133.0,3.969924812030075,True
14.0,2.857142857142857,True
30.0,3.8333333333333335,True
147.0,1.8231292517006803,True
4.0,1.25,True
22.0,2.772727272727273,True
76.0,3.1184210526315788,True
116.0,2.103448275862069,True
58.0,2.413793103448276,True
77.0,2.857142857142857,True
11.0,3.1818181818181817,True
133.0,2.9323308270676693,True
45.0,1.0,True
16.0,3.1875,True
71.0,3.084507042253521,True
106.0,2.7358490566037736,True
7.0,3.0,True
20.0,2.1,True
51.0,3.019607843137255,True
29.0,3.0344827586206895,True
53.0,3.3207547169811322,True
55.0,2.981818181818182,True
40.0,2.65,True
1.0,3.0,True
142.0,2.4788732394366195,True
104.0,2.980769230769231,True
66.0,3.4696969696969697,True
62.0,2.9516129032258065,True
151.0,2.9602649006622515,True
137.0,3.1094890510948905,True
5.0,3.0,True
92.0,1.8369565217391304,True
102.0,2.7450980392156863,True
18.0,3.1666666666666665,True
82.0,2.768292682926829,True
63.0,1.0476190476190477,True
28.0,1.8928571428571428,True
69.0,2.5652173913043477,True
28.0,3.5,True
143.0,1.7832167832167831,True
13.0,2.769230769230769,True
162.0,3.314814814814815,True
29.0,3.0344827586206895,True
104.0,3.5096153846153846,True
71.0,3.8028169014084505,True
92.0,2.5434782608695654,True
93.0,1.89247311827957,True
1.0,3.0,True
6.0,3.5,True
23.0,2.8260869565217392,True
37.0,3.324324324324324,True
104.0,3.0,True
101.0,1.2178217821782178,True
70.0,3.0142857142857142,True
47.0,3.25531914893617,True
1.0,2.0,True
9.0,3.0,True
61.0,1.0,True
42.0,3.0952380952380953,True
4.0,3.0,True
1.0,3.0,True
35.0,2.857142857142857,True
4.0,2.5,True
151.0,2.794701986754967,True
19.0,3.0,True
3.0,3.0,True
28.0,3.5357142857142856,True
65.0,2.8461538461538463,True
10.0,2.5,True
70.0,2.9714285714285715,True
44.0,3.159090909090909,True
72.0,2.9444444444444446,True
10.0,3.2,True
1.0,4.0,True
60.0,3.183333333333333,True
66.0,2.515151515151515,True
78.0,2.8333333333333335,True
1.0,3.0,True
244.0,3.0614754098360657,True
28.0,3.25,True
101.0,3.0,True
34.0,2.6470588235294117,True
85.0,1.7882352941176471,True
157.0,2.0636942675159236,True
6.0,3.5,True
144.0,2.2291666666666665,True
149.0,3.9932885906040267,True
1.0,4.0,True
75.0,2.933333333333333,True
1.0,3.0,True
261.0,2.739463601532567,True
62.0,2.435483870967742,True
21.0,3.238095238095238,True
113.0,2.938053097345133,True
127.0,2.9606299212598426,True
67.0,2.1492537313432836,True
67.0,2.716417910447761,True
112.0,3.5625,True
63.0,2.9047619047619047,True
27.0,2.814814814814815,True
75.0,1.5333333333333334,False
27.0,2.740740740740741,True
201.0,2.0597014925373136,True
13.0,2.076923076923077,True
1.0,3.0,True
196.0,3.066326530612245,True
39.0,2.3076923076923075,True
34.0,2.4411764705882355,True
28.0,2.7857142857142856,True
70.0,2.914285714285714,True
4.0,3.0,True
1.0,3.0,True
2.0,4.0,True
43.0,3.441860465116279,True
6.0,1.6666666666666667,True
141.0,1.3971631205673758,True
146.0,2.664383561643836,False
35.0,2.085714285714286,True
61.0,3.2295081967213113,True
16.0,2.6875,True
33.0,3.0,True
7.0,3.0,True
121.0,1.0,True
3.0,4.0,True
86.0,2.0,True
60.0,3.9,True
57.0,1.8771929824561404,True
17.0,2.6470588235294117,True
28.0,3.0,True
57.0,2.456140350877193,True
58.0,2.413793103448276,True
13.0,2.4615384615384617,True
18.0,3.0,True
142.0,2.8661971830985915,True
82.0,2.817073170731707,True
40.0,2.825,True
6.0,2.8333333333333335,True
9.0,3.6666666666666665,True
110.0,3.581818181818182,True
91.0,2.7362637362637363,True
12.0,2.9166666666666665,True
18.0,3.388888888888889,True
23.0,2.652173913043478,True
78.0,2.9615384615384617,True
4.0,3.75,True
44.0,3.3863636363636362,True
27.0,3.3333333333333335,True
84.0,2.9761904761904763,True
11.0,2.727272727272727,True
11.0,3.272727272727273,True
190.0,1.4,True
59.0,2.7796610169491527,True
65.0,2.076923076923077,True
47.0,3.106382978723404,True
263.0,1.1102661596958174,True
3.0,1.3333333333333333,True
30.0,3.033333333333333,True
268.0,1.5708955223880596,True
22.0,2.909090909090909,True
93.0,1.010752688172043,True
52.0,3.5384615384615383,True
56.0,2.8392857142857144,True
110.0,1.4090909090909092,True
127.0,3.1102362204724407,True
7.0,3.142857142857143,True
41.0,2.7804878048780486,True
38.0,2.736842105263158,True
3.0,3.6666666666666665,True
27.0,2.8518518518518516,True
34.0,2.7058823529411766,True
1.0,2.0,True
49.0,3.0,True
25.0,2.96,True
24.0,2.6666666666666665,True
7.0,2.4285714285714284,True
40.0,3.2,True
30.0,2.7333333333333334,True
19.0,2.789473684210526,True
12.0,2.75,True
49.0,2.938775510204082,True
1.0,3.0,True
2.0,3.0,True
82.0,1.4024390243902438,True
113.0,1.831858407079646,True
66.0,2.9545454545454546,True
3.0,2.6666666666666665,True
53.0,2.018867924528302,True
5.0,2.8,True
218.0,1.9908256880733946,True
140.0,2.8785714285714286,True
1.0,3.0,True
172.0,3.046511627906977,True
156.0,3.032051282051282,True
9.0,3.2222222222222223,True
24.0,3.375,True
35.0,3.657142857142857,True
36.0,2.75,True
62.0,2.2096774193548385,True
1.0,4.0,True
119.0,3.134453781512605,True
27.0,2.814814814814815,True
38.0,3.0526315789473686,True
112.0,2.7232142857142856,True
2.0,3.0,True
22.0,3.0,True
43.0,2.8372093023255816,True
141.0,2.9574468085106385,True
184.0,2.907608695652174,True
5.0,2.4,False
42.0,2.642857142857143,False
170.0,2.1,True
32.0,2.71875,True
109.0,2.8807339449541285,True
101.0,2.732673267326733,True
80.0,2.225,False
1.0,4.0,False
73.0,2.7534246575342465,True
25.0,3.04,True
25.0,3.0,False
70.0,2.4857142857142858,True
1.0,3.0,True
4.0,3.25,True
17.0,3.235294117647059,True
1.0,3.0,True
35.0,3.2,True
40.0,2.95,True
48.0,2.9791666666666665,True
22.0,2.5454545454545454,True
2.0,3.0,True
45.0,2.9555555555555557,True
82.0,2.6951219512195124,True
81.0,2.567901234567901,True
92.0,2.5543478260869565,True
92.0,2.9456521739130435,True
71.0,3.859154929577465,True
1.0,3.0,True
42.0,2.642857142857143,True
11.0,1.3636363636363635,True
7.0,3.0,True
204.0,3.0392156862745097,True
43.0,2.7209302325581395,True
1.0,3.0,True
23.0,2.260869565217391,True
1.0,2.0,True
98.0,2.86734693877551,True
16.0,3.0625,True
123.0,1.2357723577235773,True
47.0,2.3617021276595747,True
25.0,2.44,True
91.0,2.5714285714285716,True
30.0,2.8666666666666667,True
15.0,2.3333333333333335,True
87.0,2.2298850574712645,True
6.0,2.3333333333333335,True
37.0,2.918918918918919,True
89.0,1.9101123595505618,True
25.0,2.64,True
12.0,3.0,True
114.0,2.0964912280701755,True
18.0,2.4444444444444446,True
25.0,3.0,True
187.0,2.8877005347593583,True
32.0,2.9375,True
93.0,1.5806451612903225,False
6.0,2.0,True
1.0,3.0,True
10.0,3.7,True
6.0,2.1666666666666665,True
90.0,3.3444444444444446,True
32.0,2.96875,True
218.0,3.376146788990826,True
120.0,3.325,True
17.0,1.411764705882353,True
106.0,1.1603773584905661,True
80.0,2.475,True
60.0,3.1166666666666667,True
51.0,2.4705882352941178,True
45.0,2.7777777777777777,True
60.0,2.8833333333333333,True
56.0,3.017857142857143,True
3.0,3.3333333333333335,True
4.0,3.25,True
9.0,3.0,True
59.0,2.5254237288135593,True
2.0,3.0,True
36.0,3.388888888888889,True
9.0,3.6666666666666665,True
3.0,2.6666666666666665,True
1.0,2.0,True
1.0,1.0,True
1.0,4.0,True
1.0,1.0,True
1.0,2.0,True
1.0,2.0,True
1.0,3.0,True
1.0,4.0,True
1.0,4.0,True
1.0,3.0,True
1.0,3.0,True
1.0,3.0,True
1.0,2.0,True
1.0,4.0,True
1.0,2.0,True
1.0,4.0,True
1.0,4.0,True
1.0,4.0,True
1.0,2.0,True
1.0,3.0,True
1.0,2.0,True
1.0,2.0,True
1.0,3.0,True
1.0,2.0,True
1.0,2.0,True
1.0,3.0,True
1.0,2.0,True
1.0,4.0,True
1.0,4.0,True
2.0,4.0,True
2.0,3.5,True
1.0,2.0,True
1.0,3.0,True
1.0,1.0,True
1.0,2.0,True
1.0,3.0,True
1.0,3.0,True
1.0,4.0,True
1.0,2.0,True
1.0,1.0,True
1.0,1.0,True
1.0,2.0,True
1.0,1.0,True
1.0,3.0,True
1.0,3.0,True
1.0,2.0,True
1.0,1.0,True
1.0,4.0,True
1.0,3.0,True
1.0,4.0,True
1.0,4.0,True
1.0,2.0,True
1.0,1.0,True
1.0,3.0,True
1.0,4.0,True
1.0,4.0,True
1.0,4.0,True
2.0,3.5,True
1.0,2.0,True
1.0,3.0,True
100.0,2.8,False
1.0,2.0,True
7.0,2.4285714285714284,True
49.0,3.6122448979591835,True
2.0,1.0,True
16.0,2.0625,True
40.0,3.5,False
3.0,3.6666666666666665,True
31.0,1.903225806451613,True
9.0,2.7777777777777777,True
15.0,3.6666666666666665,True
1.0,3.0,True
3.0,2.3333333333333335,True
1.0,3.0,True
1.0,4.0,False
89.0,2.404494382022472,True
52.0,2.730769230769231,True
3.0,1.6666666666666667,True
21.0,3.5714285714285716,True
22.0,2.9545454545454546,True
7.0,1.8571428571428572,True
98.0,1.7040816326530612,True
16.0,3.5,True
10.0,3.1,True
22.0,3.272727272727273,True
8.0,2.75,True
1.0,4.0,True
16.0,3.6875,True
16.0,3.1875,True
4.0,3.0,True
5.0,3.4,True
6.0,3.0,True
23.0,2.869565217391304,True
1.0,4.0,True
4.0,2.75,True
6.0,2.8333333333333335,True
11.0,3.0,True
3.0,2.3333333333333335,True
10.0,3.0,True
4.0,1.5,True
38.0,3.0526315789473686,True
118.0,3.5677966101694913,True
2.0,3.5,True
54.0,3.240740740740741,True
32.0,3.0,True
38.0,2.736842105263158,True
27.0,3.4814814814814814,True
2.0,1.5,True
74.0,3.0675675675675675,True
1.0,4.0,False
2.0,2.5,False
30.0,3.433333333333333,True
52.0,2.8461538461538463,True
8.0,2.25,True
40.0,3.8,True
39.0,1.8717948717948718,True
2.0,3.0,True
84.0,2.642857142857143,True
22.0,1.7272727272727273,True
4.0,1.75,True
4.0,2.75,True
12.0,2.25,True
7.0,2.7142857142857144,True
109.0,3.761467889908257,True
83.0,3.7710843373493974,True
247.0,1.0040485829959513,True
2.0,3.5,True
188.0,2.5106382978723403,True
70.0,3.357142857142857,True
20.0,3.2,True
127.0,3.8818897637795278,True
13.0,2.3076923076923075,True
21.0,2.1904761904761907,True
22.0,2.772727272727273,True
23.0,3.782608695652174,True
14.0,2.642857142857143,True
2.0,3.5,True
12.0,2.6666666666666665,True
2.0,3.5,False
1.0,3.0,True
19.0,1.6842105263157894,True
79.0,3.1139240506329116,True
1.0,2.0,True
64.0,2.9375,True
6.0,2.8333333333333335,True
89.0,2.696629213483146,True
1.0,4.0,False
6.0,3.5,True
2.0,3.0,True
44.0,2.0,True
172.0,2.5348837209302326,True
30.0,3.1,True
10.0,3.3,True
1.0,1.0,True
15.0,2.8,True
1.0,3.0,True
109.0,2.8256880733944953,True
1.0,3.0,False
21.0,2.2857142857142856,True
2.0,3.5,True
13.0,3.076923076923077,True
143.0,3.230769230769231,True
21.0,3.238095238095238,True
134.0,3.417910447761194,True
57.0,3.4210526315789473,False
85.0,3.541176470588235,False
22.0,3.772727272727273,False
5.0,3.4,True
33.0,3.090909090909091,True
31.0,2.935483870967742,True
53.0,1.3396226415094339,True
6.0,2.8333333333333335,True
10.0,2.9,True
27.0,3.6666666666666665,True
96.0,3.5416666666666665,True
12.0,2.75,True
14.0,2.9285714285714284,True
16.0,3.5625,True
3.0,2.0,True
12.0,3.25,True
23.0,4.0,True
6.0,3.1666666666666665,True
5.0,2.8,True
29.0,3.8275862068965516,True
218.0,3.7110091743119265,True
80.0,3.375,True
21.0,3.238095238095238,True
2.0,3.5,True
99.0,3.5555555555555554,True
2.0,3.0,True
9.0,3.111111111111111,True
165.0,4.0,True
13.0,3.076923076923077,True
14.0,3.5714285714285716,True
1.0,3.0,True
33.0,3.515151515151515,True
9.0,3.7777777777777777,True
10.0,1.7,True
17.0,3.6470588235294117,True
6.0,2.0,True
22.0,3.1363636363636362,True
1.0,3.0,False
39.0,4.0,True
5.0,4.0,True
20.0,1.9,True
16.0,3.0,True
19.0,3.8421052631578947,True
15.0,2.6666666666666665,True
20.0,3.35,True
5.0,3.0,True
15.0,2.6,True
18.0,3.5,True
15.0,3.6,True
3.0,1.6666666666666667,True
9.0,3.0,True
17.0,3.2941176470588234,True
5.0,3.8,True
13.0,2.6923076923076925,True
7.0,3.4285714285714284,True
12.0,3.5833333333333335,True
3.0,3.0,True
2.0,2.5,True
12.0,2.25,True
19.0,3.6842105263157894,True
10.0,3.0,True
12.0,2.75,True
12.0,2.3333333333333335,True
9.0,3.111111111111111,True
5.0,2.6,True
5.0,2.2,True
11.0,2.909090909090909,True
12.0,3.0833333333333335,True
12.0,3.3333333333333335,True
2.0,3.5,True
18.0,3.111111111111111,True
16.0,2.0625,True
11.0,3.909090909090909,True
6.0,2.3333333333333335,True
12.0,3.0833333333333335,True
12.0,4.0,True
14.0,3.0,True
4.0,3.75,True
9.0,1.4444444444444444,True
2.0,3.0,True
7.0,3.2857142857142856,True
19.0,3.789473684210526,True
4.0,2.0,True
12.0,3.3333333333333335,True
13.0,3.1538461538461537,True
20.0,3.1,True
13.0,2.8461538461538463,True
10.0,3.8,True
19.0,3.3157894736842106,True
20.0,3.25,True
11.0,3.1818181818181817,True
19.0,3.0526315789473686,True
14.0,3.7857142857142856,True
2.0,4.0,True
20.0,2.25,True
14.0,3.2142857142857144,True
20.0,3.85,True
9.0,3.2222222222222223,True
5.0,2.6,True
3.0,3.3333333333333335,True
20.0,3.3,True
7.0,3.0,True
12.0,3.25,True
10.0,2.8,True
16.0,2.625,True
5.0,3.2,True
1.0,4.0,False
10.0,3.2,True
17.0,3.176470588235294,True
14.0,3.0714285714285716,True
2.0,3.5,True
6.0,3.3333333333333335,True
6.0,3.5,True
5.0,3.2,True
10.0,3.8,True
9.0,3.0,True
6.0,3.0,True
12.0,3.0833333333333335,True
8.0,3.125,True
1.0,3.0,True
10.0,3.3,True
10.0,2.8,True
6.0,2.6666666666666665,True
10.0,3.2,True
3.0,3.0,True
7.0,3.2857142857142856,True
4.0,2.0,True
6.0,3.3333333333333335,True
5.0,3.6,True
2.0,3.5,True
1.0,1.0,True
1.0,1.0,True
2.0,3.0,True
2.0,3.0,True
1.0,4.0,True
1.0,1.0,True
1.0,1.0,True
1.0,4.0,True
1.0,1.0,True
1.0,4.0,True
1.0,4.0,True
1.0,4.0,True
1.0,4.0,True
1.0,4.0,True
1.0,3.0,True
1.0,4.0,True
1.0,3.0,True
16.0,3.75,True
21.0,3.4285714285714284,False
1.0,4.0,True
4.0,4.0,True
2.0,4.0,True
1.0,4.0,True
4.0,2.75,True
1.0,4.0,True
19.0,3.8947368421052633,False
2.0,4.0,True
10.0,3.3,True
8.0,2.25,True
6.0,2.6666666666666665,True
9.0,3.2222222222222223,True
5.0,2.8,True
5.0,3.0,True
4.0,2.25,True
4.0,1.5,True
4.0,1.5,True
4.0,2.5,True
3.0,3.0,True
3.0,2.6666666666666665,True
3.0,3.3333333333333335,True
3.0,2.6666666666666665,True
3.0,1.6666666666666667,True
3.0,2.0,True
4.0,3.75,True
3.0,4.0,True
2.0,2.5,True
3.0,2.6666666666666665,True
2.0,2.5,True
2.0,2.0,True
1.0,3.0,True
2.0,2.5,True
2.0,2.0,True
113.0,3.7079646017699117,True
30.0,2.1333333333333333,True
13.0,2.0,True
3.0,3.0,True
62.0,2.435483870967742,True
31.0,1.6774193548387097,True
4.0,3.0,True
1.0,3.0,True
2.0,3.5,True
1.0,3.0,True
3.0,2.3333333333333335,True
5.0,2.4,True
47.0,1.7234042553191489,True
2.0,2.5,True
18.0,2.4444444444444446,True
19.0,3.1052631578947367,True
56.0,3.1964285714285716,True
86.0,2.058139534883721,True
16.0,3.125,True
10.0,1.6,True
70.0,3.357142857142857,True
14.0,2.357142857142857,True
7.0,2.2857142857142856,True
13.0,2.6153846153846154,True
4.0,3.0,True
1.0,4.0,True
5.0,2.0,True
23.0,1.0434782608695652,True
11.0,2.8181818181818183,True
43.0,2.0232558139534884,True
7.0,1.7142857142857142,True
37.0,1.6486486486486487,True
8.0,3.375,True
37.0,2.675675675675676,True
115.0,3.8347826086956522,True
1.0,2.0,True
2.0,3.0,True
8.0,1.625,True
35.0,1.6857142857142857,True
9.0,3.0,True
23.0,1.6956521739130435,True
96.0,2.6979166666666665,True
5.0,2.2,True
5.0,4.0,True
5.0,3.8,True
45.0,3.4444444444444446,True
8.0,3.375,True
42.0,2.738095238095238,True
54.0,2.8333333333333335,True
11.0,2.909090909090909,True
27.0,2.7777777777777777,True
27.0,3.111111111111111,True
5.0,4.0,True
91.0,3.032967032967033,True
60.0,3.3666666666666667,True
1.0,4.0,True
36.0,2.3333333333333335,True
18.0,3.1666666666666665,True
9.0,2.7777777777777777,True
1.0,3.0,True
24.0,3.0833333333333335,True
2.0,4.0,False
1.0,4.0,True
4.0,3.0,True
11.0,3.1818181818181817,True
33.0,3.5757575757575757,True
16.0,3.3125,True
12.0,2.1666666666666665,True
7.0,3.0,True
22.0,3.3636363636363638,True
9.0,3.111111111111111,True
35.0,3.085714285714286,True
16.0,3.5625,True
24.0,2.9166666666666665,True
33.0,2.8181818181818183,True
41.0,3.0,True
1.0,3.0,True
2.0,3.5,True
7.0,3.5714285714285716,True
49.0,3.326530612244898,True
2.0,3.0,True
3.0,3.3333333333333335,True
8.0,2.875,True
3.0,3.3333333333333335,True
5.0,3.2,True
33.0,2.8181818181818183,True
2.0,3.5,True
1.0,3.0,True
2.0,4.0,True
1.0,4.0,True
59.0,3.0677966101694913,True
2.0,4.0,True
27.0,3.2962962962962963,True
9.0,3.5555555555555554,True
79.0,2.6202531645569622,True
6.0,2.5,True
3.0,3.3333333333333335,True
14.0,4.0,True
6.0,2.5,True
6.0,2.6666666666666665,True
50.0,3.18,True
55.0,3.4545454545454546,True
115.0,3.2869565217391306,True
31.0,3.4838709677419355,True
1.0,3.0,False
84.0,2.9642857142857144,True
36.0,3.638888888888889,True
15.0,2.8666666666666667,True
12.0,2.9166666666666665,True
54.0,3.7777777777777777,True
33.0,3.303030303030303,True
31.0,2.935483870967742,True
31.0,1.4193548387096775,False
19.0,2.789473684210526,True
13.0,2.923076923076923,True
33.0,2.787878787878788,True
36.0,2.8055555555555554,True
8.0,2.75,True
6.0,3.3333333333333335,False
35.0,2.8285714285714287,True
22.0,2.6363636363636362,True
16.0,2.375,True
1.0,3.0,True
96.0,2.8541666666666665,True
10.0,3.1,True
45.0,3.1555555555555554,True
12.0,3.0833333333333335,False
38.0,2.9210526315789473,True
3.0,2.6666666666666665,True
10.0,3.7,True
6.0,3.0,True
64.0,3.671875,True
29.0,2.896551724137931,True
7.0,2.857142857142857,True
24.0,3.4583333333333335,True
7.0,3.0,False
3.0,2.3333333333333335,True
21.0,3.142857142857143,True
7.0,3.0,True
1.0,4.0,True
30.0,2.966666666666667,True
69.0,3.681159420289855,True
86.0,2.941860465116279,True
10.0,3.9,True
3.0,2.0,True
42.0,3.2857142857142856,True
101.0,3.0,True
1.0,3.0,True
14.0,4.0,True
7.0,3.2857142857142856,True
1.0,3.0,True
27.0,2.3333333333333335,True
82.0,3.682926829268293,True
33.0,2.8181818181818183,True
104.0,3.0,True
6.0,3.3333333333333335,True
25.0,3.0,True
5.0,3.2,True
11.0,3.272727272727273,True
15.0,3.1333333333333333,True
29.0,3.5517241379310347,True
3.0,3.0,True
6.0,3.1666666666666665,False
39.0,3.4358974358974357,True
37.0,3.7567567567567566,True
20.0,3.5,True
85.0,3.3529411764705883,True
33.0,3.242424242424242,True
15.0,3.2666666666666666,True
67.0,3.1791044776119404,True
16.0,3.125,True
19.0,3.0,True
68.0,3.1176470588235294,True
16.0,3.0,True
6.0,3.6666666666666665,True
22.0,3.909090909090909,True
39.0,3.8461538461538463,True
5.0,3.8,True
63.0,3.3968253968253967,True
57.0,3.0701754385964914,True
35.0,3.857142857142857,True
9.0,3.2222222222222223,True
21.0,3.619047619047619,True
13.0,2.5384615384615383,True
42.0,3.880952380952381,True
32.0,3.96875,True
47.0,3.872340425531915,True
1.0,4.0,True
10.0,3.4,True
5.0,3.6,True
7.0,3.142857142857143,True
13.0,3.0,True
86.0,2.755813953488372,True
3.0,4.0,True
3.0,3.0,True
1.0,4.0,True
12.0,3.1666666666666665,True
16.0,3.125,True
50.0,3.02,True
15.0,3.8666666666666667,True
10.0,3.1,True
3.0,3.0,True
8.0,2.875,True
83.0,3.4698795180722892,True
34.0,3.0294117647058822,True
2.0,3.0,True
43.0,2.9069767441860463,True
16.0,3.0625,True
32.0,3.03125,True
47.0,3.4468085106382977,True
2.0,3.0,True
11.0,2.727272727272727,True
84.0,3.9642857142857144,True
17.0,3.9411764705882355,True
12.0,3.75,True
5.0,3.2,True
2.0,3.5,True
5.0,3.8,True
4.0,3.25,True
18.0,2.5,True
2.0,3.0,True
19.0,2.6315789473684212,True
16.0,2.5,True
1.0,3.0,True
16.0,2.6875,True
2.0,3.0,True
19.0,3.0,True
10.0,4.0,True
1.0,3.0,True
18.0,2.7222222222222223,True
9.0,3.3333333333333335,True
5.0,3.2,True
4.0,3.75,True
10.0,2.8,True
6.0,3.1666666666666665,True
1.0,4.0,True
1.0,4.0,True
2.0,3.0,True
3.0,3.0,True
41.0,3.024390243902439,True
1.0,3.0,True
2.0,3.5,False
32.0,3.90625,True
43.0,3.0232558139534884,True
19.0,3.9473684210526314,True
8.0,2.375,True
21.0,3.4285714285714284,True
23.0,3.0,True
1.0,3.0,True
7.0,3.0,True
2.0,3.5,True
16.0,2.6875,True
13.0,3.923076923076923,True
1.0,3.0,True
4.0,2.75,True
3.0,3.0,True
1.0,4.0,False
3.0,3.6666666666666665,True
4.0,3.5,True
295.0,3.9728813559322034,True
84.0,2.0,False
115.0,3.008695652173913,True
232.0,2.9267241379310347,True
112.0,3.169642857142857,True
29.0,2.5344827586206895,False
85.0,3.1058823529411765,True
2.0,3.0,False
265.0,3.147169811320755,True
168.0,3.2857142857142856,True
72.0,2.9583333333333335,True
207.0,2.763285024154589,True
49.0,3.2244897959183674,True
126.0,3.888888888888889,True
98.0,3.0510204081632653,True
45.0,3.0444444444444443,True
258.0,2.616279069767442,True
165.0,1.084848484848485,True
208.0,3.3798076923076925,True
174.0,3.9770114942528734,True
70.0,2.8285714285714287,False
86.0,3.953488372093023,True
298.0,3.3322147651006713,True
14.0,3.142857142857143,True
209.0,1.8851674641148326,True
92.0,2.989130434782609,True
232.0,3.0517241379310347,True
204.0,3.9166666666666665,True
75.0,2.96,True
264.0,2.9015151515151514,True
234.0,3.08974358974359,True
118.0,2.9152542372881354,True
296.0,2.199324324324324,True
189.0,3.0846560846560847,True
6.0,3.1666666666666665,True
74.0,2.6621621621621623,True
302.0,2.3245033112582782,True
281.0,2.9501779359430604,True
223.0,2.986547085201794,True
184.0,3.0434782608695654,True
55.0,2.981818181818182,True
176.0,2.977272727272727,True
120.0,3.025,True
285.0,2.7017543859649122,True
246.0,2.975609756097561,True
156.0,3.0256410256410255,True
22.0,3.090909090909091,False
286.0,2.895104895104895,True
118.0,2.694915254237288,True
227.0,2.9691629955947136,True
120.0,2.9583333333333335,True
238.0,2.0714285714285716,True
1.0,4.0,True
8.0,2.625,True
259.0,2.918918918918919,True
130.0,3.0846153846153848,True
240.0,3.1125,True
148.0,3.02027027027027,True
142.0,2.6971830985915495,True
27.0,3.074074074074074,True
270.0,3.5074074074074075,True
296.0,2.972972972972973,True
220.0,2.9909090909090907,True
31.0,3.064516129032258,True
66.0,2.9545454545454546,True
10.0,3.0,True
138.0,3.869565217391304,True
26.0,3.076923076923077,True
231.0,3.0995670995670994,True
277.0,2.92057761732852,True
297.0,1.8249158249158248,True
25.0,3.16,True
10.0,3.1,True
155.0,2.9870967741935486,True
20.0,2.95,True
174.0,3.103448275862069,True
14.0,3.0714285714285716,True
29.0,1.793103448275862,True
155.0,3.8451612903225807,True
73.0,2.8904109589041096,True
110.0,2.9363636363636365,True
140.0,3.992857142857143,True
234.0,3.0982905982905984,True
264.0,3.0,True
167.0,2.964071856287425,True
244.0,2.80327868852459,True
261.0,1.0842911877394636,True
167.0,2.7664670658682633,True
95.0,3.8210526315789473,True
93.0,2.6021505376344085,True
163.0,2.938650306748466,True
90.0,2.8777777777777778,True
51.0,1.9607843137254901,True
113.0,2.938053097345133,True
136.0,3.073529411764706,True
90.0,2.922222222222222,True
207.0,1.9710144927536233,True
240.0,2.875,True
197.0,2.989847715736041,True
133.0,2.917293233082707,True
220.0,2.536363636363636,True
160.0,3.0,True
38.0,2.8421052631578947,True
179.0,3.011173184357542,True
252.0,3.357142857142857,True
92.0,2.217391304347826,True
83.0,3.0120481927710845,True
60.0,1.75,True
89.0,3.0224719101123596,True
30.0,2.6,False
192.0,2.4375,True
285.0,2.9859649122807017,True
58.0,1.7758620689655173,True
259.0,3.1737451737451736,True
40.0,3.025,True
28.0,3.2142857142857144,True
20.0,3.0,True
1.0,4.0,True
261.0,2.9846743295019156,True
43.0,1.558139534883721,False
147.0,2.183673469387755,True
147.0,2.8503401360544216,True
101.0,3.0594059405940595,True
65.0,3.3076923076923075,False
260.0,3.0692307692307694,True
25.0,3.04,True
108.0,3.1203703703703702,False
45.0,2.7777777777777777,True
204.0,3.0392156862745097,True
264.0,2.9583333333333335,True
143.0,3.111888111888112,True
7.0,3.2857142857142856,True
164.0,3.1158536585365852,True
21.0,3.238095238095238,True
186.0,2.3763440860215055,True
192.0,2.546875,True
162.0,3.067901234567901,True
130.0,2.4615384615384617,True
135.0,2.837037037037037,True
152.0,2.4276315789473686,True
138.0,2.2318840579710146,True
62.0,3.6774193548387095,True
255.0,2.925490196078431,True
58.0,2.8793103448275863,True
266.0,2.969924812030075,True
171.0,3.0584795321637426,True
60.0,2.6166666666666667,True
77.0,3.168831168831169,False
139.0,2.949640287769784,True
38.0,3.6578947368421053,True
123.0,2.959349593495935,True
60.0,2.9166666666666665,True
30.0,3.1333333333333333,True
108.0,3.5277777777777777,True
1.0,2.0,True
58.0,3.1551724137931036,True
46.0,1.7173913043478262,True
133.0,2.6766917293233083,True
159.0,2.981132075471698,True
191.0,3.089005235602094,True
38.0,2.9473684210526314,True
103.0,2.3398058252427183,True
171.0,2.5555555555555554,True
35.0,3.0,True
214.0,2.1261682242990654,True
209.0,2.478468899521531,True
165.0,2.9515151515151516,True
106.0,3.009433962264151,True
89.0,3.0112359550561796,True
205.0,3.0146341463414634,True
188.0,2.0585106382978724,True
104.0,3.0,True
175.0,2.9771428571428573,True
85.0,1.7058823529411764,True
115.0,2.9391304347826086,True
150.0,2.7333333333333334,True
107.0,3.02803738317757,True
123.0,2.813008130081301,True
67.0,3.1194029850746268,True
11.0,3.0,False
5.0,2.6,True
57.0,2.8596491228070176,True
5.0,3.4,True
69.0,2.550724637681159,True
21.0,3.0476190476190474,True
4.0,3.25,True
32.0,2.46875,True
30.0,3.4,True
5.0,2.8,True
5.0,3.0,True
3.0,3.0,True
44.0,3.0,True
8.0,3.0,True
50.0,3.1,True
57.0,2.280701754385965,True
6.0,3.5,True
47.0,2.74468085106383,True
9.0,1.0,True
64.0,3.3125,True
69.0,2.6956521739130435,True
8.0,3.125,True
17.0,3.176470588235294,True
7.0,3.0,True
13.0,1.9230769230769231,True
17.0,3.7058823529411766,True
31.0,3.0,True
21.0,2.8095238095238093,True
1.0,3.0,True
18.0,3.0555555555555554,True
18.0,1.7222222222222223,True
22.0,3.727272727272727,True
61.0,3.0,True
24.0,2.75,True
33.0,2.5454545454545454,True
1.0,3.0,True
14.0,3.2857142857142856,True
30.0,2.933333333333333,True
6.0,3.8333333333333335,True
49.0,4.0,True
8.0,3.0,True
49.0,2.4081632653061225,True
12.0,2.25,True
8.0,3.0,True
29.0,3.103448275862069,True
5.0,2.4,True
21.0,3.1904761904761907,True
2.0,2.5,True
55.0,3.0545454545454547,True
21.0,3.0,True
32.0,3.40625,True
13.0,3.3846153846153846,True
76.0,4.0,True
14.0,4.0,True
1.0,2.0,True
2.0,4.0,True
45.0,3.2666666666666666,True
70.0,2.585714285714286,True
6.0,3.0,True
71.0,2.7746478873239435,True
53.0,3.5660377358490565,True
20.0,2.55,True
155.0,2.8774193548387097,True
28.0,3.2142857142857144,True
2.0,2.0,True
3.0,2.6666666666666665,True
1.0,4.0,True
66.0,2.5606060606060606,True
3.0,2.0,True
15.0,2.933333333333333,True
1.0,3.0,True
33.0,2.727272727272727,True
73.0,2.712328767123288,True
4.0,3.0,True
55.0,3.018181818181818,True
10.0,3.3,True
20.0,2.95,True
5.0,2.2,True
43.0,2.302325581395349,True
66.0,3.8181818181818183,True
55.0,3.036363636363636,True
1.0,1.0,True
63.0,3.2063492063492065,True
14.0,3.4285714285714284,True
24.0,2.8333333333333335,True
7.0,2.7142857142857144,True
20.0,2.95,True
1.0,3.0,True
5.0,3.8,True
10.0,3.0,True
10.0,2.4,True
1.0,3.0,True
3.0,3.3333333333333335,True
6.0,3.5,True
90.0,2.966666666666667,True
5.0,3.0,True
54.0,3.388888888888889,True
3.0,3.6666666666666665,True
22.0,3.0,True
22.0,2.227272727272727,True
39.0,2.923076923076923,True
1.0,3.0,True
2.0,2.0,True
1.0,1.0,True
29.0,2.6206896551724137,True
30.0,3.1666666666666665,True
4.0,3.0,True
9.0,2.4444444444444446,True
47.0,2.276595744680851,True
76.0,2.9078947368421053,True
72.0,2.513888888888889,True
15.0,3.3333333333333335,True
60.0,3.1166666666666667,True
34.0,3.1470588235294117,True
23.0,2.652173913043478,True
48.0,2.8958333333333335,True
15.0,3.0,True
50.0,3.12,True
24.0,3.0833333333333335,True
16.0,2.9375,True
3.0,2.3333333333333335,True
14.0,2.9285714285714284,True
27.0,3.0,True
8.0,3.0,True
109.0,3.4128440366972477,True
8.0,2.75,True
6.0,3.8333333333333335,True
64.0,2.8125,True
1.0,4.0,True
25.0,2.2,True
87.0,2.839080459770115,True
60.0,2.7666666666666666,True
11.0,3.0,True
97.0,3.0,True
49.0,3.2653061224489797,True
80.0,3.3375,True
15.0,2.8666666666666667,True
62.0,3.403225806451613,True
25.0,3.0,True
12.0,2.8333333333333335,True
68.0,2.926470588235294,True
15.0,2.7333333333333334,True
5.0,2.6,True
90.0,3.688888888888889,True
29.0,2.9655172413793105,True
3.0,3.0,True
143.0,3.2867132867132867,True
102.0,3.8823529411764706,True
126.0,3.388888888888889,True
23.0,3.0434782608695654,True
13.0,2.769230769230769,True
1.0,3.0,True
52.0,3.5576923076923075,True
17.0,3.0588235294117645,True
30.0,2.2666666666666666,True
13.0,2.5384615384615383,True
18.0,2.888888888888889,True
31.0,3.096774193548387,True
100.0,3.34,True
15.0,2.466666666666667,True
88.0,2.9318181818181817,True
5.0,2.4,True
3.0,3.0,True
1.0,3.0,True
32.0,2.90625,True
4.0,3.0,True
19.0,3.0,True
40.0,3.2,True
3.0,3.0,True
68.0,2.9411764705882355,True
45.0,2.4444444444444446,True
31.0,2.5483870967741935,True
60.0,2.966666666666667,True
100.0,2.78,True
23.0,2.9130434782608696,True
43.0,2.883720930232558,True
50.0,2.06,True
11.0,2.727272727272727,True
23.0,2.652173913043478,True
58.0,3.1379310344827585,True
112.0,3.767857142857143,True
50.0,2.94,True
19.0,2.5789473684210527,True
7.0,3.7142857142857144,True
10.0,3.2,True
3.0,4.0,True
1.0,4.0,True
10.0,3.0,True
4.0,2.75,True
10.0,3.9,True
6.0,3.1666666666666665,True
2.0,3.5,True
13.0,4.0,True
1.0,4.0,True
23.0,2.782608695652174,True
8.0,3.875,True
3.0,3.3333333333333335,True
21.0,3.0,True
32.0,2.875,True
2.0,3.0,True
16.0,3.0,True
38.0,3.0789473684210527,True
60.0,3.033333333333333,True
29.0,3.1724137931034484,True
8.0,3.5,True
1.0,3.0,True
35.0,4.0,True
31.0,2.967741935483871,True
6.0,3.6666666666666665,True
31.0,3.0,True
46.0,3.739130434782609,True
77.0,3.064935064935065,True
46.0,4.0,True
70.0,3.4,True
31.0,3.161290322580645,True
3.0,4.0,True
62.0,3.693548387096774,True
70.0,3.5428571428571427,True
16.0,3.5625,True
10.0,2.7,True
36.0,3.0277777777777777,True
12.0,3.5,True
23.0,3.1739130434782608,True
56.0,3.7857142857142856,True
5.0,3.4,True
38.0,4.0,True
40.0,3.4,True
48.0,2.75,True
31.0,3.5483870967741935,True
8.0,3.25,True
10.0,3.5,True
5.0,3.0,True
2.0,2.5,True
48.0,3.5,True
48.0,3.875,True
1.0,4.0,True
1.0,4.0,True
1.0,4.0,True
2.0,4.0,True
1.0,3.0,True
5.0,3.8,True
1.0,4.0,True
1.0,3.0,True
1.0,3.0,True
2.0,3.5,True
22.0,3.5,True
19.0,2.8947368421052633,True
14.0,3.142857142857143,True
5.0,3.0,True
18.0,2.388888888888889,True
4.0,3.75,True
11.0,3.272727272727273,True
6.0,2.5,True
17.0,3.5294117647058822,True
1.0,4.0,True
17.0,3.9411764705882355,True
22.0,3.8181818181818183,True
11.0,2.727272727272727,True
19.0,3.8947368421052633,True
6.0,3.1666666666666665,True
2.0,2.5,False
8.0,2.125,False
2.0,2.5,True
3.0,1.3333333333333333,False
20.0,1.55,True
6.0,3.0,True
18.0,2.8333333333333335,True
18.0,2.388888888888889,True
19.0,2.4210526315789473,True
7.0,1.4285714285714286,False
12.0,2.0,True
12.0,2.75,True
1.0,3.0,True
4.0,2.75,False
17.0,3.0,True
14.0,3.142857142857143,True
17.0,3.4705882352941178,True
2.0,1.5,True
1.0,2.0,False
6.0,2.6666666666666665,False
4.0,2.75,False
12.0,2.6666666666666665,True
6.0,2.0,False
3.0,3.6666666666666665,True
6.0,2.8333333333333335,False
2.0,2.5,True
10.0,2.8,True
5.0,3.0,True
10.0,2.6,True
11.0,2.5454545454545454,True
2.0,3.0,False
11.0,2.727272727272727,True
18.0,2.111111111111111,True
17.0,2.764705882352941,True
14.0,3.142857142857143,True
17.0,1.2941176470588236,True
1.0,4.0,True
6.0,2.8333333333333335,True
7.0,3.0,False
4.0,3.0,True
4.0,2.5,False
7.0,2.2857142857142856,False
1.0,2.0,False
1.0,3.0,True
6.0,2.8333333333333335,False
2.0,2.5,True
20.0,2.9,True
1.0,3.0,False
8.0,1.5,True
2.0,3.5,False
4.0,2.0,False
6.0,2.6666666666666665,True
5.0,2.4,False
16.0,3.0625,True
16.0,2.8125,True
19.0,2.210526315789474,True
19.0,2.526315789473684,True
10.0,3.0,True
17.0,2.0588235294117645,True
7.0,2.142857142857143,False
9.0,3.2222222222222223,True
2.0,3.0,True
1.0,1.0,False
12.0,2.25,True
21.0,2.2857142857142856,True
6.0,2.5,False
5.0,3.2,True
21.0,2.8095238095238093,True
11.0,2.8181818181818183,True
13.0,3.230769230769231,True
8.0,2.625,False
24.0,2.2916666666666665,True
17.0,2.411764705882353,True
14.0,2.4285714285714284,True
9.0,2.5555555555555554,True
6.0,3.3333333333333335,False
9.0,3.111111111111111,False
23.0,2.9565217391304346,True
11.0,3.0,True
2.0,3.0,False
13.0,2.3846153846153846,True
3.0,2.6666666666666665,False
1.0,2.0,True
15.0,2.533333333333333,True
4.0,1.25,True
17.0,2.764705882352941,True
14.0,1.8571428571428572,True
4.0,2.75,False
21.0,2.5714285714285716,True
17.0,3.2941176470588234,True
12.0,2.8333333333333335,True
10.0,2.8,True
9.0,2.0,True
20.0,2.95,True
2.0,3.0,False
1.0,3.0,False
5.0,2.2,False
11.0,3.727272727272727,True
2.0,2.0,False
7.0,2.857142857142857,True
12.0,2.0,True
5.0,2.8,True
22.0,3.6363636363636362,True
6.0,3.1666666666666665,True
20.0,1.25,True
17.0,2.0588235294117645,True
9.0,2.5555555555555554,True
20.0,2.5,True
22.0,1.5454545454545454,True
19.0,2.4210526315789473,True
20.0,2.75,True
12.0,2.8333333333333335,True
6.0,2.8333333333333335,True
16.0,1.5625,True
20.0,2.05,True
22.0,1.4545454545454546,True
13.0,3.0,True
14.0,3.0,True
3.0,3.3333333333333335,False
22.0,2.909090909090909,True
18.0,2.7777777777777777,True
4.0,3.0,False
5.0,2.6,False
17.0,3.176470588235294,True
8.0,2.0,False
19.0,2.210526315789474,True
7.0,3.142857142857143,True
17.0,2.9411764705882355,True
3.0,3.0,True
3.0,2.3333333333333335,True
2.0,2.5,True
12.0,2.9166666666666665,True
16.0,2.25,True
1.0,3.0,False
15.0,3.1333333333333333,True
5.0,3.0,True
16.0,3.1875,True
24.0,2.2083333333333335,True
11.0,3.1818181818181817,True
13.0,2.8461538461538463,True
7.0,2.857142857142857,False
4.0,1.75,False
5.0,1.6,True
18.0,2.5555555555555554,True
19.0,2.263157894736842,True
6.0,2.6666666666666665,True
13.0,2.3846153846153846,True
20.0,2.55,True
6.0,1.8333333333333333,False
9.0,3.0,False
12.0,2.0,True
6.0,3.1666666666666665,True
10.0,3.1,False
4.0,2.75,True
4.0,3.0,False
27.0,3.074074074074074,True
6.0,3.3333333333333335,True
5.0,1.8,False
2.0,2.5,True
5.0,2.8,True
14.0,2.4285714285714284,True
3.0,3.3333333333333335,False
19.0,2.5789473684210527,True
10.0,3.2,True
9.0,2.7777777777777777,False
11.0,2.4545454545454546,True
2.0,2.0,False
2.0,4.0,True
12.0,3.0,True
5.0,1.8,True
4.0,2.75,True
18.0,2.1666666666666665,True
14.0,3.0714285714285716,True
11.0,2.5454545454545454,True
18.0,3.1666666666666665,True
1.0,3.0,False
1.0,3.0,False
8.0,3.625,True
2.0,2.5,True
5.0,2.6,True
7.0,3.4285714285714284,False
7.0,2.857142857142857,True
23.0,3.347826086956522,True
4.0,2.75,True
10.0,2.5,False
1.0,4.0,True
5.0,2.0,False
4.0,2.25,False
2.0,2.5,False
1.0,4.0,True
7.0,2.857142857142857,True
9.0,3.0,True
17.0,3.5294117647058822,True
2.0,3.0,True
11.0,2.6363636363636362,True
5.0,3.0,False
9.0,3.3333333333333335,True
15.0,3.0,True
15.0,3.066666666666667,True
6.0,2.6666666666666665,False
6.0,2.0,False
1.0,3.0,True
24.0,3.0416666666666665,True
1.0,3.0,False
14.0,3.2857142857142856,True
17.0,3.588235294117647,True
6.0,3.0,True
19.0,3.3157894736842106,True
18.0,3.888888888888889,True
1.0,2.0,True
9.0,2.888888888888889,True
17.0,2.6470588235294117,True
4.0,3.0,True
19.0,2.8947368421052633,True
12.0,3.0,True
11.0,3.0,True
12.0,2.8333333333333335,True
14.0,3.0,True
17.0,3.823529411764706,True
18.0,2.888888888888889,True
12.0,3.4166666666666665,True
13.0,2.6923076923076925,True
9.0,2.7777777777777777,True
22.0,2.409090909090909,True
15.0,1.6666666666666667,True
9.0,2.7777777777777777,True
18.0,3.2222222222222223,True
18.0,3.0,True
17.0,2.823529411764706,True
7.0,3.142857142857143,False
16.0,2.75,True
16.0,3.0625,True
19.0,2.9473684210526314,True
16.0,3.25,True
2.0,4.0,False
14.0,2.9285714285714284,True
22.0,2.8636363636363638,True
11.0,2.909090909090909,True
27.0,2.962962962962963,True
12.0,3.0,True
14.0,2.9285714285714284,True
7.0,2.857142857142857,False
15.0,3.2666666666666666,True
19.0,3.0526315789473686,True
24.0,2.9583333333333335,True
6.0,2.6666666666666665,True
16.0,2.875,True
2.0,2.5,True
11.0,3.1818181818181817,True
3.0,3.0,False
14.0,2.7857142857142856,True
16.0,2.5,True
4.0,2.5,True
18.0,3.5,True
19.0,3.0526315789473686,True
2.0,2.5,True
1.0,3.0,True
17.0,1.6470588235294117,True
20.0,3.8,True
13.0,2.6923076923076925,True
1.0,3.0,True
24.0,2.5,True
17.0,3.1176470588235294,True
20.0,2.75,True
19.0,3.210526315789474,True
14.0,2.5714285714285716,True
8.0,3.125,True
1.0,3.0,True
19.0,3.1052631578947367,True
1.0,4.0,True
14.0,3.5714285714285716,True
9.0,2.3333333333333335,True
4.0,1.75,True
7.0,2.7142857142857144,True
11.0,2.727272727272727,True
11.0,2.5454545454545454,True
4.0,2.75,True
9.0,2.7777777777777777,True
14.0,3.2142857142857144,True
7.0,2.5714285714285716,True
4.0,2.75,True
7.0,2.857142857142857,True
5.0,2.2,True
3.0,2.0,True
4.0,3.25,True
5.0,2.8,True
2.0,4.0,True
3.0,2.3333333333333335,True
1.0,3.0,True
6.0,3.1666666666666665,True
1.0,3.0,True
3.0,3.3333333333333335,True
11.0,3.8181818181818183,True
8.0,3.25,True
9.0,1.7777777777777777,True
2.0,3.5,True
7.0,2.5714285714285716,True
7.0,3.0,True
6.0,3.3333333333333335,True
4.0,2.25,True
12.0,3.6666666666666665,True
9.0,2.111111111111111,True
1.0,3.0,True
7.0,3.2857142857142856,True
12.0,2.75,True
10.0,3.2,True
3.0,2.3333333333333335,True
10.0,1.0,True
7.0,2.2857142857142856,True
14.0,3.7857142857142856,True
5.0,1.2,True
15.0,2.1333333333333333,True
13.0,2.4615384615384617,True
10.0,2.7,True
7.0,2.857142857142857,True
12.0,2.5833333333333335,True
12.0,3.1666666666666665,True
8.0,2.75,True
5.0,1.2,True
5.0,2.2,True
11.0,2.272727272727273,True
8.0,1.75,True
13.0,2.6923076923076925,True
10.0,3.8,True
5.0,3.6,True
6.0,2.3333333333333335,True
3.0,3.0,True
7.0,3.0,True
8.0,2.125,True
14.0,2.5714285714285716,True
12.0,2.0833333333333335,True
6.0,1.5,True
1.0,4.0,True
1.0,2.0,True
3.0,3.0,True
5.0,3.0,True
3.0,3.6666666666666665,True
4.0,3.0,True
7.0,2.857142857142857,True
1.0,3.0,True
10.0,2.3,True
8.0,3.0,True
2.0,2.0,True
6.0,3.0,True
4.0,3.25,True
8.0,3.125,True
2.0,2.0,True
5.0,3.0,True
1.0,2.0,True
4.0,1.75,True
4.0,3.25,True
5.0,3.2,True
8.0,3.0,True
4.0,2.75,True
3.0,3.6666666666666665,True
3.0,2.3333333333333335,True
5.0,2.6,True
2.0,3.5,True
3.0,3.0,True
1.0,3.0,True
1.0,4.0,True
1.0,3.0,True
1.0,3.0,True
1.0,4.0,True
7.0,3.5714285714285716,True
1.0,4.0,True
